State,Year,Category,SubCat,Value
Alabama,2012,TotalIncome,Income,35202.89189
Alabama,2012,Expenditure,Income Tax,7575.396319
Alabama,2012,Expenditure,Other,1366.252101
Alabama,2012,HP,Housing Prices,160391.5612
Alabama,2013,TotalIncome,Income,35030.22809
Alabama,2013,Expenditure,Income Tax,7902.374026
Alabama,2013,Expenditure,Other,1475.134696
Alabama,2013,HP,Housing Prices,158119.3413
Alabama,2014,TotalIncome,Income,35554.1295
Alabama,2014,Expenditure,Income Tax,8202.672489
Alabama,2014,Expenditure,Other,1707.512281
Alabama,2014,HP,Housing Prices,145065.9144
Alabama,2015,TotalIncome,Income,36912.85391
Alabama,2015,Expenditure,Income Tax,8593.873828
Alabama,2015,Expenditure,Other,1536.633837
Alabama,2015,HP,Housing Prices,164116.813
Alabama,2016,TotalIncome,Income,38242.95576
Alabama,2016,Expenditure,Income Tax,9927.216915
Alabama,2016,Expenditure,Other,1602.795299
Alabama,2016,HP,Housing Prices,164919.542
Alabama,2017,TotalIncome,Income,42015.3547
Alabama,2017,Expenditure,Income Tax,10467.60745
Alabama,2017,Expenditure,Other,2081.16573
Alabama,2017,HP,Housing Prices,183814.7269
Alabama,2018,TotalIncome,Income,44136.30769
Alabama,2018,Expenditure,Income Tax,11617.08436
Alabama,2018,Expenditure,Other,1575.251866
Alabama,2018,HP,Housing Prices,176102.1447
Alabama,2019,TotalIncome,Income,42203.7975
Alabama,2019,Expenditure,Income Tax,10318.45732
Alabama,2019,Expenditure,Other,2834.860918
Alabama,2019,HP,Housing Prices,177685.8872
Alabama,2020,TotalIncome,Income,46793.91689
Alabama,2020,Expenditure,Income Tax,12896.41764
Alabama,2020,Expenditure,Other,2926.05907
Alabama,2020,HP,Housing Prices,204318.2137
Alabama,2021,TotalIncome,Income,48294.11058
Alabama,2021,Expenditure,Income Tax,8025.137737
Alabama,2021,Expenditure,Other,2546.050564
Alabama,2021,HP,Housing Prices,211011.8345
Alaska,2012,TotalIncome,Income,41383.14637
Alaska,2012,Expenditure,Income Tax,7671.631272
Alaska,2012,Expenditure,Other,1722.246605
Alaska,2012,HP,Housing Prices,251114.0355
Alaska,2013,TotalIncome,Income,42638.09611
Alaska,2013,Expenditure,Income Tax,7732.021075
Alaska,2013,Expenditure,Other,1754.637518
Alaska,2013,HP,Housing Prices,235069.8081
Alaska,2014,TotalIncome,Income,48829.03475
Alaska,2014,Expenditure,Income Tax,12992.36491
Alaska,2014,Expenditure,Other,2364.101852
Alaska,2014,HP,Housing Prices,269009.2081
Alaska,2015,TotalIncome,Income,45524.25848
Alaska,2015,Expenditure,Income Tax,10882.65188
Alaska,2015,Expenditure,Other,2022.097821
Alaska,2015,HP,Housing Prices,264970.8789
Alaska,2016,TotalIncome,Income,49225.56495
Alaska,2016,Expenditure,Income Tax,12532.42955
Alaska,2016,Expenditure,Other,2281.014381
Alaska,2016,HP,Housing Prices,282536.0858
Alaska,2017,TotalIncome,Income,48813.30576
Alaska,2017,Expenditure,Income Tax,10310.51684
Alaska,2017,Expenditure,Other,1986.486471
Alaska,2017,HP,Housing Prices,273485.3674
Alaska,2018,TotalIncome,Income,47973.31086
Alaska,2018,Expenditure,Income Tax,9830.122525
Alaska,2018,Expenditure,Other,1777.023492
Alaska,2018,HP,Housing Prices,280894.7603
Alaska,2019,TotalIncome,Income,49378.21745
Alaska,2019,Expenditure,Income Tax,9512.076963
Alaska,2019,Expenditure,Other,3068.221344
Alaska,2019,HP,Housing Prices,343599.7767
Alaska,2020,TotalIncome,Income,50507.12897
Alaska,2020,Expenditure,Income Tax,11110.72044
Alaska,2020,Expenditure,Other,3266.282596
Alaska,2020,HP,Housing Prices,356640.9332
Alaska,2021,TotalIncome,Income,52002.81859
Alaska,2021,Expenditure,Income Tax,5911.408037
Alaska,2021,Expenditure,Other,2894.618778
Alaska,2021,HP,Housing Prices,369824.1796
Arizona,2012,TotalIncome,Income,38621.65837
Arizona,2012,Expenditure,Income Tax,7539.248168
Arizona,2012,Expenditure,Other,1580.046698
Arizona,2012,HP,Housing Prices,187216.7459
Arizona,2013,TotalIncome,Income,37125.82668
Arizona,2013,Expenditure,Income Tax,6833.104803
Arizona,2013,Expenditure,Other,1470.113516
Arizona,2013,HP,Housing Prices,202292.0448
Arizona,2014,TotalIncome,Income,40052.80083
Arizona,2014,Expenditure,Income Tax,8217.95
Arizona,2014,Expenditure,Other,1565.910112
Arizona,2014,HP,Housing Prices,196247.3684
Arizona,2015,TotalIncome,Income,38577.87399
Arizona,2015,Expenditure,Income Tax,7998.364031
Arizona,2015,Expenditure,Other,1917.697636
Arizona,2015,HP,Housing Prices,202005.1334
Arizona,2016,TotalIncome,Income,41119.22712
Arizona,2016,Expenditure,Income Tax,9508.904239
Arizona,2016,Expenditure,Other,1767.1228
Arizona,2016,HP,Housing Prices,209967.7229
Arizona,2017,TotalIncome,Income,44641.87768
Arizona,2017,Expenditure,Income Tax,9427.529458
Arizona,2017,Expenditure,Other,1896.180283
Arizona,2017,HP,Housing Prices,231173.2347
Arizona,2018,TotalIncome,Income,43721.59919
Arizona,2018,Expenditure,Income Tax,8463.759709
Arizona,2018,Expenditure,Other,2012.69637
Arizona,2018,HP,Housing Prices,250116.3512
Arizona,2019,TotalIncome,Income,47273.12626
Arizona,2019,Expenditure,Income Tax,11133.01457
Arizona,2019,Expenditure,Other,3046.027079
Arizona,2019,HP,Housing Prices,296284.0083
Arizona,2020,TotalIncome,Income,51145.24232
Arizona,2020,Expenditure,Income Tax,13311.77603
Arizona,2020,Expenditure,Other,3246.706032
Arizona,2020,HP,Housing Prices,300397.0139
Arizona,2021,TotalIncome,Income,53340.21875
Arizona,2021,Expenditure,Income Tax,8587.673246
Arizona,2021,Expenditure,Other,3202.536828
Arizona,2021,HP,Housing Prices,367769.4021
Arkansas,2012,TotalIncome,Income,30831.99846
Arkansas,2012,Expenditure,Income Tax,4724.525066
Arkansas,2012,Expenditure,Other,1580.220369
Arkansas,2012,HP,Housing Prices,137593.4096
Arkansas,2013,TotalIncome,Income,32872.85954
Arkansas,2013,Expenditure,Income Tax,5725.725514
Arkansas,2013,Expenditure,Other,1516.861927
Arkansas,2013,HP,Housing Prices,133553.8197
Arkansas,2014,TotalIncome,Income,31383.46895
Arkansas,2014,Expenditure,Income Tax,4738.416667
Arkansas,2014,Expenditure,Other,1595.714992
Arkansas,2014,HP,Housing Prices,126389.3528
Arkansas,2015,TotalIncome,Income,34847.01656
Arkansas,2015,Expenditure,Income Tax,7271.008137
Arkansas,2015,Expenditure,Other,1533.368019
Arkansas,2015,HP,Housing Prices,145150.2893
Arkansas,2016,TotalIncome,Income,38743.35611
Arkansas,2016,Expenditure,Income Tax,9326.980998
Arkansas,2016,Expenditure,Other,1706.562329
Arkansas,2016,HP,Housing Prices,160219.6521
Arkansas,2017,TotalIncome,Income,43003.68276
Arkansas,2017,Expenditure,Income Tax,12602.63809
Arkansas,2017,Expenditure,Other,1841.63947
Arkansas,2017,HP,Housing Prices,161824.1744
Arkansas,2018,TotalIncome,Income,41169.67974
Arkansas,2018,Expenditure,Income Tax,10842.49583
Arkansas,2018,Expenditure,Other,1936.217071
Arkansas,2018,HP,Housing Prices,170253.7118
Arkansas,2019,TotalIncome,Income,40927.08662
Arkansas,2019,Expenditure,Income Tax,11554.34587
Arkansas,2019,Expenditure,Other,2860.90301
Arkansas,2019,HP,Housing Prices,182478.5333
Arkansas,2020,TotalIncome,Income,47600.51924
Arkansas,2020,Expenditure,Income Tax,14478.00302
Arkansas,2020,Expenditure,Other,3136.334637
Arkansas,2020,HP,Housing Prices,194588.572
Arkansas,2021,TotalIncome,Income,45640.72655
Arkansas,2021,Expenditure,Income Tax,7164.352277
Arkansas,2021,Expenditure,Other,3302.675075
Arkansas,2021,HP,Housing Prices,184453.0391
California,2012,TotalIncome,Income,41855.22114
California,2012,Expenditure,Income Tax,10791.26387
California,2012,Expenditure,Other,1467.00096
California,2012,HP,Housing Prices,433328.742
California,2013,TotalIncome,Income,42934.70029
California,2013,Expenditure,Income Tax,10493.73366
California,2013,Expenditure,Other,1525.652939
California,2013,HP,Housing Prices,453712.2608
California,2014,TotalIncome,Income,46524.8803
California,2014,Expenditure,Income Tax,13373.36506
California,2014,Expenditure,Other,1709.129654
California,2014,HP,Housing Prices,472837.3446
California,2015,TotalIncome,Income,44996.32661
California,2015,Expenditure,Income Tax,12059.09817
California,2015,Expenditure,Other,1680.624901
California,2015,HP,Housing Prices,491573.712
California,2016,TotalIncome,Income,47613.805
California,2016,Expenditure,Income Tax,14003.65727
California,2016,Expenditure,Other,1666.01664
California,2016,HP,Housing Prices,504154.5104
California,2017,TotalIncome,Income,49681.59832
California,2017,Expenditure,Income Tax,13802.33044
California,2017,Expenditure,Other,1831.166655
California,2017,HP,Housing Prices,561582.1566
California,2018,TotalIncome,Income,50516.82863
California,2018,Expenditure,Income Tax,14089.96325
California,2018,Expenditure,Other,1684.592659
California,2018,HP,Housing Prices,554167.2185
California,2019,TotalIncome,Income,53141.50772
California,2019,Expenditure,Income Tax,17675.15109
California,2019,Expenditure,Other,2740.548442
California,2019,HP,Housing Prices,615246.6211
California,2020,TotalIncome,Income,57094.12062
California,2020,Expenditure,Income Tax,19841.46652
California,2020,Expenditure,Other,3020.224639
California,2020,HP,Housing Prices,643067.6032
California,2021,TotalIncome,Income,56251.66115
California,2021,Expenditure,Income Tax,12518.29165
California,2021,Expenditure,Other,3009.431842
California,2021,HP,Housing Prices,681156.996
Colorado,2012,TotalIncome,Income,43652.26158
Colorado,2012,Expenditure,Income Tax,10852.94241
Colorado,2012,Expenditure,Other,1822.314586
Colorado,2012,HP,Housing Prices,299302.099
Colorado,2013,TotalIncome,Income,44430.54776
Colorado,2013,Expenditure,Income Tax,10678.83238
Colorado,2013,Expenditure,Other,1970.640407
Colorado,2013,HP,Housing Prices,294898.3663
Colorado,2014,TotalIncome,Income,54762.22508
Colorado,2014,Expenditure,Income Tax,18628.64639
Colorado,2014,Expenditure,Other,1996.334988
Colorado,2014,HP,Housing Prices,312899.7633
Colorado,2015,TotalIncome,Income,48276.27692
Colorado,2015,Expenditure,Income Tax,13053.41839
Colorado,2015,Expenditure,Other,1857.340725
Colorado,2015,HP,Housing Prices,322065.7362
Colorado,2016,TotalIncome,Income,48624.25629
Colorado,2016,Expenditure,Income Tax,12925.58075
Colorado,2016,Expenditure,Other,1870.674874
Colorado,2016,HP,Housing Prices,291778.3175
Colorado,2017,TotalIncome,Income,52400.25517
Colorado,2017,Expenditure,Income Tax,14035.53758
Colorado,2017,Expenditure,Other,2278.504699
Colorado,2017,HP,Housing Prices,332562.6756
Colorado,2018,TotalIncome,Income,54801.38558
Colorado,2018,Expenditure,Income Tax,15118.90282
Colorado,2018,Expenditure,Other,2478.707454
Colorado,2018,HP,Housing Prices,335223.8857
Colorado,2019,TotalIncome,Income,56608.05912
Colorado,2019,Expenditure,Income Tax,17736.93445
Colorado,2019,Expenditure,Other,3459.497551
Colorado,2019,HP,Housing Prices,390187.512
Colorado,2020,TotalIncome,Income,62024.16288
Colorado,2020,Expenditure,Income Tax,22222.52386
Colorado,2020,Expenditure,Other,3446.100229
Colorado,2020,HP,Housing Prices,548161.9099
Colorado,2021,TotalIncome,Income,61659.46358
Colorado,2021,Expenditure,Income Tax,16851.55645
Colorado,2021,Expenditure,Other,4176.12668
Colorado,2021,HP,Housing Prices,471860.9123
Connecticut,2012,TotalIncome,Income,51112.16147
Connecticut,2012,Expenditure,Income Tax,16535.98933
Connecticut,2012,Expenditure,Other,1934.422836
Connecticut,2012,HP,Housing Prices,391357.7837
Connecticut,2013,TotalIncome,Income,51956.20813
Connecticut,2013,Expenditure,Income Tax,17056.3564
Connecticut,2013,Expenditure,Other,2079.926352
Connecticut,2013,HP,Housing Prices,389882.4484
Connecticut,2014,TotalIncome,Income,51414.0423
Connecticut,2014,Expenditure,Income Tax,17411.86535
Connecticut,2014,Expenditure,Other,2156.373964
Connecticut,2014,HP,Housing Prices,342231.7533
Connecticut,2015,TotalIncome,Income,51155.241
Connecticut,2015,Expenditure,Income Tax,17460.34536
Connecticut,2015,Expenditure,Other,2345.63301
Connecticut,2015,HP,Housing Prices,368547.2161
Connecticut,2016,TotalIncome,Income,54099.55752
Connecticut,2016,Expenditure,Income Tax,18149.53183
Connecticut,2016,Expenditure,Other,2562.194249
Connecticut,2016,HP,Housing Prices,404434.9319
Connecticut,2017,TotalIncome,Income,53906.72427
Connecticut,2017,Expenditure,Income Tax,16433.26081
Connecticut,2017,Expenditure,Other,2428.048139
Connecticut,2017,HP,Housing Prices,339321.5448
Connecticut,2018,TotalIncome,Income,53752.15212
Connecticut,2018,Expenditure,Income Tax,16683.12018
Connecticut,2018,Expenditure,Other,2556.705513
Connecticut,2018,HP,Housing Prices,347645.4083
Connecticut,2019,TotalIncome,Income,59062.47654
Connecticut,2019,Expenditure,Income Tax,23348.66159
Connecticut,2019,Expenditure,Other,3739.674951
Connecticut,2019,HP,Housing Prices,388516.7445
Connecticut,2020,TotalIncome,Income,64153.38869
Connecticut,2020,Expenditure,Income Tax,28279.92015
Connecticut,2020,Expenditure,Other,4064.453243
Connecticut,2020,HP,Housing Prices,416293.0377
Connecticut,2021,TotalIncome,Income,63383.51351
Connecticut,2021,Expenditure,Income Tax,19941.06812
Connecticut,2021,Expenditure,Other,4337.046693
Connecticut,2021,HP,Housing Prices,421397.2744
Delaware,2012,TotalIncome,Income,37929.88386
Delaware,2012,Expenditure,Income Tax,8974.828058
Delaware,2012,Expenditure,Other,1381.863323
Delaware,2012,HP,Housing Prices,267486.7358
Delaware,2013,TotalIncome,Income,37749.8445
Delaware,2013,Expenditure,Income Tax,8473.317699
Delaware,2013,Expenditure,Other,1387.781535
Delaware,2013,HP,Housing Prices,246106.6622
Delaware,2014,TotalIncome,Income,43133.75325
Delaware,2014,Expenditure,Income Tax,12571.53247
Delaware,2014,Expenditure,Other,1628.307779
Delaware,2014,HP,Housing Prices,283237.0456
Delaware,2015,TotalIncome,Income,43317.45392
Delaware,2015,Expenditure,Income Tax,11951.7312
Delaware,2015,Expenditure,Other,1552.772414
Delaware,2015,HP,Housing Prices,249524.352
Delaware,2016,TotalIncome,Income,44095.07508
Delaware,2016,Expenditure,Income Tax,11747.11055
Delaware,2016,Expenditure,Other,1650.308383
Delaware,2016,HP,Housing Prices,247354.8289
Delaware,2017,TotalIncome,Income,44432.06596
Delaware,2017,Expenditure,Income Tax,11147.88973
Delaware,2017,Expenditure,Other,1825.078997
Delaware,2017,HP,Housing Prices,245655.6102
Delaware,2018,TotalIncome,Income,48207.58899
Delaware,2018,Expenditure,Income Tax,13064.63872
Delaware,2018,Expenditure,Other,2023.23408
Delaware,2018,HP,Housing Prices,262739.2266
Delaware,2019,TotalIncome,Income,50809.30044
Delaware,2019,Expenditure,Income Tax,18117.99758
Delaware,2019,Expenditure,Other,4472.223417
Delaware,2019,HP,Housing Prices,236082.1383
Delaware,2020,TotalIncome,Income,54894.69959
Delaware,2020,Expenditure,Income Tax,21203.51471
Delaware,2020,Expenditure,Other,3334.883753
Delaware,2020,HP,Housing Prices,253558.8996
Delaware,2021,TotalIncome,Income,48836.08475
Delaware,2021,Expenditure,Income Tax,8336.800842
Delaware,2021,Expenditure,Other,3583.787031
Delaware,2021,HP,Housing Prices,295018.9558
District of Columbia,2012,TotalIncome,Income,58189.18065
District of Columbia,2012,Expenditure,Income Tax,19220.83478
District of Columbia,2012,Expenditure,Other,1793.197077
District of Columbia,2012,HP,Housing Prices,493875.244
District of Columbia,2013,TotalIncome,Income,61499.89722
District of Columbia,2013,Expenditure,Income Tax,19496.08134
District of Columbia,2013,Expenditure,Other,2006.143592
District of Columbia,2013,HP,Housing Prices,547485.444
District of Columbia,2014,TotalIncome,Income,63087.76061
District of Columbia,2014,Expenditure,Income Tax,20689.67098
District of Columbia,2014,Expenditure,Other,2124.481541
District of Columbia,2014,HP,Housing Prices,736880.2115
District of Columbia,2015,TotalIncome,Income,63371.03157
District of Columbia,2015,Expenditure,Income Tax,19591.89877
District of Columbia,2015,Expenditure,Other,2127.208315
District of Columbia,2015,HP,Housing Prices,629350.4444
District of Columbia,2016,TotalIncome,Income,65089.34313
District of Columbia,2016,Expenditure,Income Tax,21225.83575
District of Columbia,2016,Expenditure,Other,2070.565087
District of Columbia,2016,HP,Housing Prices,630784.9725
District of Columbia,2017,TotalIncome,Income,68166.98833
District of Columbia,2017,Expenditure,Income Tax,22506.83036
District of Columbia,2017,Expenditure,Other,2360.376003
District of Columbia,2017,HP,Housing Prices,625958.8934
District of Columbia,2018,TotalIncome,Income,76507.7139
District of Columbia,2018,Expenditure,Income Tax,25804.78947
District of Columbia,2018,Expenditure,Other,2180.727677
District of Columbia,2018,HP,Housing Prices,683556.6439
District of Columbia,2019,TotalIncome,Income,83059.91062
District of Columbia,2019,Expenditure,Income Tax,34774.10208
District of Columbia,2019,Expenditure,Other,3472.962868
District of Columbia,2019,HP,Housing Prices,737172.5673
District of Columbia,2020,TotalIncome,Income,86512.8916
District of Columbia,2020,Expenditure,Income Tax,41450.96396
District of Columbia,2020,Expenditure,Other,3986.857577
District of Columbia,2020,HP,Housing Prices,767180.8094
District of Columbia,2021,TotalIncome,Income,89157.11273
District of Columbia,2021,Expenditure,Income Tax,35362.33726
District of Columbia,2021,Expenditure,Other,3757.663193
District of Columbia,2021,HP,Housing Prices,815077.0052
Florida,2012,TotalIncome,Income,37825.70139
Florida,2012,Expenditure,Income Tax,6747.553719
Florida,2012,Expenditure,Other,1707.008689
Florida,2012,HP,Housing Prices,200619.9922
Florida,2013,TotalIncome,Income,37526.25335
Florida,2013,Expenditure,Income Tax,6389.72656
Florida,2013,Expenditure,Other,1747.539297
Florida,2013,HP,Housing Prices,212755.7108
Florida,2014,TotalIncome,Income,41046.75272
Florida,2014,Expenditure,Income Tax,9091.355634
Florida,2014,Expenditure,Other,2060.309836
Florida,2014,HP,Housing Prices,209899.6093
Florida,2015,TotalIncome,Income,40025.64302
Florida,2015,Expenditure,Income Tax,8781.251611
Florida,2015,Expenditure,Other,1831.339918
Florida,2015,HP,Housing Prices,221838.2096
Florida,2016,TotalIncome,Income,41261.51702
Florida,2016,Expenditure,Income Tax,9230.52892
Florida,2016,Expenditure,Other,2099.654624
Florida,2016,HP,Housing Prices,228892.2448
Florida,2017,TotalIncome,Income,42671.19284
Florida,2017,Expenditure,Income Tax,8423.988045
Florida,2017,Expenditure,Other,2068.615182
Florida,2017,HP,Housing Prices,240793.7095
Florida,2018,TotalIncome,Income,43800.54337
Florida,2018,Expenditure,Income Tax,9031.003133
Florida,2018,Expenditure,Other,2007.762944
Florida,2018,HP,Housing Prices,259043.9756
Florida,2019,TotalIncome,Income,45942.48183
Florida,2019,Expenditure,Income Tax,9887.389793
Florida,2019,Expenditure,Other,3051.716925
Florida,2019,HP,Housing Prices,283050.9245
Florida,2020,TotalIncome,Income,49463.13482
Florida,2020,Expenditure,Income Tax,11797.74798
Florida,2020,Expenditure,Other,2944.068125
Florida,2020,HP,Housing Prices,285506.8719
Florida,2021,TotalIncome,Income,47219.0618
Florida,2021,Expenditure,Income Tax,3912.073833
Florida,2021,Expenditure,Other,3015.180082
Florida,2021,HP,Housing Prices,302776.4032
Georgia,2012,TotalIncome,Income,39547.47812
Georgia,2012,Expenditure,Income Tax,9108.484242
Georgia,2012,Expenditure,Other,1638.198772
Georgia,2012,HP,Housing Prices,195683.6016
Georgia,2013,TotalIncome,Income,39380.09081
Georgia,2013,Expenditure,Income Tax,8184.309827
Georgia,2013,Expenditure,Other,1617.825102
Georgia,2013,HP,Housing Prices,171380.6365
Georgia,2014,TotalIncome,Income,41089.62818
Georgia,2014,Expenditure,Income Tax,10982.6297
Georgia,2014,Expenditure,Other,1761.918755
Georgia,2014,HP,Housing Prices,183738.0751
Georgia,2015,TotalIncome,Income,41474.1203
Georgia,2015,Expenditure,Income Tax,9958.474876
Georgia,2015,Expenditure,Other,1673.218783
Georgia,2015,HP,Housing Prices,183688.432
Georgia,2016,TotalIncome,Income,40408.29832
Georgia,2016,Expenditure,Income Tax,10118.96486
Georgia,2016,Expenditure,Other,1723.40423
Georgia,2016,HP,Housing Prices,185122.9288
Georgia,2017,TotalIncome,Income,44472.0015
Georgia,2017,Expenditure,Income Tax,11608.59383
Georgia,2017,Expenditure,Other,1812.195056
Georgia,2017,HP,Housing Prices,197036.5527
Georgia,2018,TotalIncome,Income,45778.18208
Georgia,2018,Expenditure,Income Tax,11612.82465
Georgia,2018,Expenditure,Other,1871.379463
Georgia,2018,HP,Housing Prices,218474.5424
Georgia,2019,TotalIncome,Income,47239.19456
Georgia,2019,Expenditure,Income Tax,14001.33746
Georgia,2019,Expenditure,Other,2817.119881
Georgia,2019,HP,Housing Prices,236850.7692
Georgia,2020,TotalIncome,Income,49781.71848
Georgia,2020,Expenditure,Income Tax,16559.724
Georgia,2020,Expenditure,Other,3082.545611
Georgia,2020,HP,Housing Prices,240783.119
Georgia,2021,TotalIncome,Income,50840.78951
Georgia,2021,Expenditure,Income Tax,9137.720396
Georgia,2021,Expenditure,Other,2670.812707
Georgia,2021,HP,Housing Prices,260211.0574
Hawaii,2012,TotalIncome,Income,40061.20434
Hawaii,2012,Expenditure,Income Tax,10507.54091
Hawaii,2012,Expenditure,Other,1173.562852
Hawaii,2012,HP,Housing Prices,471130.3221
Hawaii,2013,TotalIncome,Income,38889.33292
Hawaii,2013,Expenditure,Income Tax,9543.116892
Hawaii,2013,Expenditure,Other,1323.388075
Hawaii,2013,HP,Housing Prices,441688.9995
Hawaii,2014,TotalIncome,Income,40711.34459
Hawaii,2014,Expenditure,Income Tax,10029.43945
Hawaii,2014,Expenditure,Other,1506.181018
Hawaii,2014,HP,Housing Prices,460349.4828
Hawaii,2015,TotalIncome,Income,42558.81466
Hawaii,2015,Expenditure,Income Tax,10911.33333
Hawaii,2015,Expenditure,Other,1719.993155
Hawaii,2015,HP,Housing Prices,452122.949
Hawaii,2016,TotalIncome,Income,44281.9215
Hawaii,2016,Expenditure,Income Tax,12051.08544
Hawaii,2016,Expenditure,Other,1505.853837
Hawaii,2016,HP,Housing Prices,467506.4013
Hawaii,2017,TotalIncome,Income,46050.81941
Hawaii,2017,Expenditure,Income Tax,12140.71458
Hawaii,2017,Expenditure,Other,1479.740971
Hawaii,2017,HP,Housing Prices,527991.0216
Hawaii,2018,TotalIncome,Income,49624.50874
Hawaii,2018,Expenditure,Income Tax,13723.74115
Hawaii,2018,Expenditure,Other,1439.621087
Hawaii,2018,HP,Housing Prices,535739.6166
Hawaii,2019,TotalIncome,Income,52790.33539
Hawaii,2019,Expenditure,Income Tax,22515.93952
Hawaii,2019,Expenditure,Other,2877.23243
Hawaii,2019,HP,Housing Prices,678083.3061
Hawaii,2020,TotalIncome,Income,51773.13274
Hawaii,2020,Expenditure,Income Tax,20130.39661
Hawaii,2020,Expenditure,Other,2634.390387
Hawaii,2020,HP,Housing Prices,654839.2871
Hawaii,2021,TotalIncome,Income,50406.78347
Hawaii,2021,Expenditure,Income Tax,11576.43942
Hawaii,2021,Expenditure,Other,2583.587563
Hawaii,2021,HP,Housing Prices,719221.6155
Idaho,2012,TotalIncome,Income,33210.97551
Idaho,2012,Expenditure,Income Tax,6054.893395
Idaho,2012,Expenditure,Other,1954.886709
Idaho,2012,HP,Housing Prices,190744.4423
Idaho,2013,TotalIncome,Income,35647.23592
Idaho,2013,Expenditure,Income Tax,6859.678788
Idaho,2013,Expenditure,Other,1716.839532
Idaho,2013,HP,Housing Prices,185215.0138
Idaho,2014,TotalIncome,Income,35726.6967
Idaho,2014,Expenditure,Income Tax,7294.022472
Idaho,2014,Expenditure,Other,1876.631659
Idaho,2014,HP,Housing Prices,176075.4717
Idaho,2015,TotalIncome,Income,39823.70656
Idaho,2015,Expenditure,Income Tax,9838.949855
Idaho,2015,Expenditure,Other,1908.83363
Idaho,2015,HP,Housing Prices,192918.9501
Idaho,2016,TotalIncome,Income,40346.5132
Idaho,2016,Expenditure,Income Tax,10246.81425
Idaho,2016,Expenditure,Other,1922.911066
Idaho,2016,HP,Housing Prices,205489.4936
Idaho,2017,TotalIncome,Income,40912.19502
Idaho,2017,Expenditure,Income Tax,9773.655694
Idaho,2017,Expenditure,Other,2518.256788
Idaho,2017,HP,Housing Prices,207430.0268
Idaho,2018,TotalIncome,Income,42609.64753
Idaho,2018,Expenditure,Income Tax,9969.707452
Idaho,2018,Expenditure,Other,2106.658467
Idaho,2018,HP,Housing Prices,222602.3688
Idaho,2019,TotalIncome,Income,42846.73998
Idaho,2019,Expenditure,Income Tax,10196.85129
Idaho,2019,Expenditure,Other,2947.262956
Idaho,2019,HP,Housing Prices,297995.7329
Idaho,2020,TotalIncome,Income,50534.9627
Idaho,2020,Expenditure,Income Tax,13844.84229
Idaho,2020,Expenditure,Other,3444.316268
Idaho,2020,HP,Housing Prices,320971.6665
Idaho,2021,TotalIncome,Income,47217.3257
Idaho,2021,Expenditure,Income Tax,6320.346271
Idaho,2021,Expenditure,Other,3207.570251
Idaho,2021,HP,Housing Prices,381391.0515
Illinois,2012,TotalIncome,Income,41444.16008
Illinois,2012,Expenditure,Income Tax,10200.74202
Illinois,2012,Expenditure,Other,1613.111962
Illinois,2012,HP,Housing Prices,229865.4815
Illinois,2013,TotalIncome,Income,44795.59314
Illinois,2013,Expenditure,Income Tax,11388.4605
Illinois,2013,Expenditure,Other,1749.257006
Illinois,2013,HP,Housing Prices,219742.0092
Illinois,2014,TotalIncome,Income,46367.18901
Illinois,2014,Expenditure,Income Tax,13483.20213
Illinois,2014,Expenditure,Other,1813.995053
Illinois,2014,HP,Housing Prices,213889.6799
Illinois,2015,TotalIncome,Income,44856.04543
Illinois,2015,Expenditure,Income Tax,11891.92026
Illinois,2015,Expenditure,Other,1918.904506
Illinois,2015,HP,Housing Prices,233344.8242
Illinois,2016,TotalIncome,Income,48269.94958
Illinois,2016,Expenditure,Income Tax,13478.03915
Illinois,2016,Expenditure,Other,1981.08666
Illinois,2016,HP,Housing Prices,238012.4378
Illinois,2017,TotalIncome,Income,49018.7155
Illinois,2017,Expenditure,Income Tax,12638.28246
Illinois,2017,Expenditure,Other,2140.722568
Illinois,2017,HP,Housing Prices,244207.1007
Illinois,2018,TotalIncome,Income,52047.37075
Illinois,2018,Expenditure,Income Tax,14309.3757
Illinois,2018,Expenditure,Other,2257.601927
Illinois,2018,HP,Housing Prices,252204.7457
Illinois,2019,TotalIncome,Income,53803.27582
Illinois,2019,Expenditure,Income Tax,19067.4567
Illinois,2019,Expenditure,Other,3537.241829
Illinois,2019,HP,Housing Prices,267459.6886
Illinois,2020,TotalIncome,Income,58148.34149
Illinois,2020,Expenditure,Income Tax,21257.32594
Illinois,2020,Expenditure,Other,3441.839193
Illinois,2020,HP,Housing Prices,271326.975
Illinois,2021,TotalIncome,Income,59445.73473
Illinois,2021,Expenditure,Income Tax,18122.49225
Illinois,2021,Expenditure,Other,3923.50418
Illinois,2021,HP,Housing Prices,291029.7675
Indiana,2012,TotalIncome,Income,38698.74313
Indiana,2012,Expenditure,Income Tax,8792.022648
Indiana,2012,Expenditure,Other,1827.192771
Indiana,2012,HP,Housing Prices,159347.4077
Indiana,2013,TotalIncome,Income,37344.12429
Indiana,2013,Expenditure,Income Tax,7689.211993
Indiana,2013,Expenditure,Other,1851.636052
Indiana,2013,HP,Housing Prices,163080.8175
Indiana,2014,TotalIncome,Income,40575.8274
Indiana,2014,Expenditure,Income Tax,10082.28529
Indiana,2014,Expenditure,Other,1603.649725
Indiana,2014,HP,Housing Prices,167575.436
Indiana,2015,TotalIncome,Income,38432.96608
Indiana,2015,Expenditure,Income Tax,8876.672566
Indiana,2015,Expenditure,Other,1932.451821
Indiana,2015,HP,Housing Prices,159922.7988
Indiana,2016,TotalIncome,Income,39492.33203
Indiana,2016,Expenditure,Income Tax,9529.009441
Indiana,2016,Expenditure,Other,2343.127507
Indiana,2016,HP,Housing Prices,167224.5793
Indiana,2017,TotalIncome,Income,44617.7933
Indiana,2017,Expenditure,Income Tax,11379.1513
Indiana,2017,Expenditure,Other,2185.259798
Indiana,2017,HP,Housing Prices,177191.8359
Indiana,2018,TotalIncome,Income,43306.05833
Indiana,2018,Expenditure,Income Tax,9773.852682
Indiana,2018,Expenditure,Other,2193.733969
Indiana,2018,HP,Housing Prices,180125.6725
Indiana,2019,TotalIncome,Income,45113.39403
Indiana,2019,Expenditure,Income Tax,11631.71195
Indiana,2019,Expenditure,Other,3118.599664
Indiana,2019,HP,Housing Prices,180702.2222
Indiana,2020,TotalIncome,Income,48099.96535
Indiana,2020,Expenditure,Income Tax,15768.9765
Indiana,2020,Expenditure,Other,3579.57946
Indiana,2020,HP,Housing Prices,224030.1628
Indiana,2021,TotalIncome,Income,52916.28053
Indiana,2021,Expenditure,Income Tax,11934.6529
Indiana,2021,Expenditure,Other,3332.575083
Indiana,2021,HP,Housing Prices,233796.6536
Iowa,2012,TotalIncome,Income,36307.34497
Iowa,2012,Expenditure,Income Tax,8484.464385
Iowa,2012,Expenditure,Other,1587.446809
Iowa,2012,HP,Housing Prices,150159.1089
Iowa,2013,TotalIncome,Income,37921.52181
Iowa,2013,Expenditure,Income Tax,8543.71829
Iowa,2013,Expenditure,Other,1603.289714
Iowa,2013,HP,Housing Prices,157171.3496
Iowa,2014,TotalIncome,Income,41942.78759
Iowa,2014,Expenditure,Income Tax,11434.47938
Iowa,2014,Expenditure,Other,2108.585961
Iowa,2014,HP,Housing Prices,165558.4383
Iowa,2015,TotalIncome,Income,41688.79674
Iowa,2015,Expenditure,Income Tax,11394.45345
Iowa,2015,Expenditure,Other,1870.786074
Iowa,2015,HP,Housing Prices,174087.8262
Iowa,2016,TotalIncome,Income,44855.02463
Iowa,2016,Expenditure,Income Tax,13962.62652
Iowa,2016,Expenditure,Other,1969.172313
Iowa,2016,HP,Housing Prices,166402.1277
Iowa,2017,TotalIncome,Income,46070.68827
Iowa,2017,Expenditure,Income Tax,11586.07093
Iowa,2017,Expenditure,Other,1986.241379
Iowa,2017,HP,Housing Prices,172368.4366
Iowa,2018,TotalIncome,Income,45463.245
Iowa,2018,Expenditure,Income Tax,11338.28331
Iowa,2018,Expenditure,Other,2164.465776
Iowa,2018,HP,Housing Prices,182268.2763
Iowa,2019,TotalIncome,Income,47481.23025
Iowa,2019,Expenditure,Income Tax,13162.81026
Iowa,2019,Expenditure,Other,3037.423196
Iowa,2019,HP,Housing Prices,194028.3417
Iowa,2020,TotalIncome,Income,48092.79019
Iowa,2020,Expenditure,Income Tax,12601.47637
Iowa,2020,Expenditure,Other,3504.625229
Iowa,2020,HP,Housing Prices,219963.2091
Iowa,2021,TotalIncome,Income,51107.6136
Iowa,2021,Expenditure,Income Tax,9890.920321
Iowa,2021,Expenditure,Other,3690.04972
Iowa,2021,HP,Housing Prices,207078.1567
Kansas,2012,TotalIncome,Income,36918.69953
Kansas,2012,Expenditure,Income Tax,7189.500424
Kansas,2012,Expenditure,Other,2041.899676
Kansas,2012,HP,Housing Prices,152422.2055
Kansas,2013,TotalIncome,Income,39462.06862
Kansas,2013,Expenditure,Income Tax,8347.377163
Kansas,2013,Expenditure,Other,1777.211229
Kansas,2013,HP,Housing Prices,160952.3822
Kansas,2014,TotalIncome,Income,38694.15161
Kansas,2014,Expenditure,Income Tax,8477.950276
Kansas,2014,Expenditure,Other,1940.294404
Kansas,2014,HP,Housing Prices,165256.2763
Kansas,2015,TotalIncome,Income,41077.30288
Kansas,2015,Expenditure,Income Tax,8906.16537
Kansas,2015,Expenditure,Other,1983.8518
Kansas,2015,HP,Housing Prices,205375.6855
Kansas,2016,TotalIncome,Income,43047.8035
Kansas,2016,Expenditure,Income Tax,10651.31229
Kansas,2016,Expenditure,Other,1842.662725
Kansas,2016,HP,Housing Prices,188347.9789
Kansas,2017,TotalIncome,Income,43145.26231
Kansas,2017,Expenditure,Income Tax,9828.001114
Kansas,2017,Expenditure,Other,1979.98029
Kansas,2017,HP,Housing Prices,175411.2748
Kansas,2018,TotalIncome,Income,47205.64021
Kansas,2018,Expenditure,Income Tax,11686.05269
Kansas,2018,Expenditure,Other,1692.888557
Kansas,2018,HP,Housing Prices,200268.3878
Kansas,2019,TotalIncome,Income,48730.08933
Kansas,2019,Expenditure,Income Tax,15581.12243
Kansas,2019,Expenditure,Other,3396.852053
Kansas,2019,HP,Housing Prices,201498.5373
Kansas,2020,TotalIncome,Income,51542.51296
Kansas,2020,Expenditure,Income Tax,16909.68553
Kansas,2020,Expenditure,Other,3100.179006
Kansas,2020,HP,Housing Prices,199812.3561
Kansas,2021,TotalIncome,Income,51617.44345
Kansas,2021,Expenditure,Income Tax,10832.66361
Kansas,2021,Expenditure,Other,3117.498119
Kansas,2021,HP,Housing Prices,206613.7125
Kentucky,2012,TotalIncome,Income,33161.76076
Kentucky,2012,Expenditure,Income Tax,7162.237403
Kentucky,2012,Expenditure,Other,1537.250979
Kentucky,2012,HP,Housing Prices,157099.1345
Kentucky,2013,TotalIncome,Income,32601.54276
Kentucky,2013,Expenditure,Income Tax,6622.965347
Kentucky,2013,Expenditure,Other,1492.211597
Kentucky,2013,HP,Housing Prices,149027.3182
Kentucky,2014,TotalIncome,Income,33283.62478
Kentucky,2014,Expenditure,Income Tax,7469.878505
Kentucky,2014,Expenditure,Other,1242.403292
Kentucky,2014,HP,Housing Prices,143399.7202
Kentucky,2015,TotalIncome,Income,38929.87333
Kentucky,2015,Expenditure,Income Tax,11336.49695
Kentucky,2015,Expenditure,Other,1605.318813
Kentucky,2015,HP,Housing Prices,164934.1509
Kentucky,2016,TotalIncome,Income,37604.90942
Kentucky,2016,Expenditure,Income Tax,10567.62822
Kentucky,2016,Expenditure,Other,1628.169037
Kentucky,2016,HP,Housing Prices,167102.3432
Kentucky,2017,TotalIncome,Income,39312.75182
Kentucky,2017,Expenditure,Income Tax,10078.67706
Kentucky,2017,Expenditure,Other,1703.018984
Kentucky,2017,HP,Housing Prices,172516.5061
Kentucky,2018,TotalIncome,Income,43754.85881
Kentucky,2018,Expenditure,Income Tax,11950.4585
Kentucky,2018,Expenditure,Other,1795.195677
Kentucky,2018,HP,Housing Prices,179140.1414
Kentucky,2019,TotalIncome,Income,47210.15149
Kentucky,2019,Expenditure,Income Tax,16867.95308
Kentucky,2019,Expenditure,Other,2280.50437
Kentucky,2019,HP,Housing Prices,174165.097
Kentucky,2020,TotalIncome,Income,50585.00607
Kentucky,2020,Expenditure,Income Tax,16467.75105
Kentucky,2020,Expenditure,Other,2866.406122
Kentucky,2020,HP,Housing Prices,192389.5943
Kentucky,2021,TotalIncome,Income,46269.21823
Kentucky,2021,Expenditure,Income Tax,6035.340414
Kentucky,2021,Expenditure,Other,2712.619509
Kentucky,2021,HP,Housing Prices,217279.4155
Louisiana,2012,TotalIncome,Income,34338.06307
Louisiana,2012,Expenditure,Income Tax,6286.684211
Louisiana,2012,Expenditure,Other,1529.162354
Louisiana,2012,HP,Housing Prices,163736.7556
Louisiana,2013,TotalIncome,Income,34146.60678
Louisiana,2013,Expenditure,Income Tax,5682.463946
Louisiana,2013,Expenditure,Other,1563.886217
Louisiana,2013,HP,Housing Prices,165275.537
Louisiana,2014,TotalIncome,Income,40870.33256
Louisiana,2014,Expenditure,Income Tax,10499.736
Louisiana,2014,Expenditure,Other,1721.276873
Louisiana,2014,HP,Housing Prices,186227.8788
Louisiana,2015,TotalIncome,Income,37098.70921
Louisiana,2015,Expenditure,Income Tax,8230.55625
Louisiana,2015,Expenditure,Other,1624.064445
Louisiana,2015,HP,Housing Prices,177761.3977
Louisiana,2016,TotalIncome,Income,41026.1443
Louisiana,2016,Expenditure,Income Tax,10152.16283
Louisiana,2016,Expenditure,Other,1888.23159
Louisiana,2016,HP,Housing Prices,186219.1688
Louisiana,2017,TotalIncome,Income,39517.02863
Louisiana,2017,Expenditure,Income Tax,9571.329627
Louisiana,2017,Expenditure,Other,1845.091822
Louisiana,2017,HP,Housing Prices,184758.2342
Louisiana,2018,TotalIncome,Income,41391.87355
Louisiana,2018,Expenditure,Income Tax,9818.804862
Louisiana,2018,Expenditure,Other,1791.773989
Louisiana,2018,HP,Housing Prices,184301.8609
Louisiana,2019,TotalIncome,Income,44040.48173
Louisiana,2019,Expenditure,Income Tax,10000.72116
Louisiana,2019,Expenditure,Other,2631.732571
Louisiana,2019,HP,Housing Prices,200323.2287
Louisiana,2020,TotalIncome,Income,47520.23105
Louisiana,2020,Expenditure,Income Tax,11904.63224
Louisiana,2020,Expenditure,Other,2947.136364
Louisiana,2020,HP,Housing Prices,209995.1218
Louisiana,2021,TotalIncome,Income,45515.03619
Louisiana,2021,Expenditure,Income Tax,4931.537554
Louisiana,2021,Expenditure,Other,3030.077987
Louisiana,2021,HP,Housing Prices,199179.2196
Maine,2012,TotalIncome,Income,37312.83254
Maine,2012,Expenditure,Income Tax,10330.36499
Maine,2012,Expenditure,Other,1641.779625
Maine,2012,HP,Housing Prices,198254.6078
Maine,2013,TotalIncome,Income,36778.41884
Maine,2013,Expenditure,Income Tax,9355.582024
Maine,2013,Expenditure,Other,1736.739287
Maine,2013,HP,Housing Prices,201305.9076
Maine,2014,TotalIncome,Income,38533.80455
Maine,2014,Expenditure,Income Tax,9879.098985
Maine,2014,Expenditure,Other,1878.197324
Maine,2014,HP,Housing Prices,190906.4011
Maine,2015,TotalIncome,Income,39462.70194
Maine,2015,Expenditure,Income Tax,10587.19367
Maine,2015,Expenditure,Other,2118.246019
Maine,2015,HP,Housing Prices,215385.4146
Maine,2016,TotalIncome,Income,39404.7533
Maine,2016,Expenditure,Income Tax,11134.27092
Maine,2016,Expenditure,Other,2109.898693
Maine,2016,HP,Housing Prices,226212.2883
Maine,2017,TotalIncome,Income,43366.55795
Maine,2017,Expenditure,Income Tax,12556.60714
Maine,2017,Expenditure,Other,1992.69218
Maine,2017,HP,Housing Prices,226624.6325
Maine,2018,TotalIncome,Income,42018.74151
Maine,2018,Expenditure,Income Tax,10222.50202
Maine,2018,Expenditure,Other,2014.364536
Maine,2018,HP,Housing Prices,209806.5457
Maine,2019,TotalIncome,Income,42375.07039
Maine,2019,Expenditure,Income Tax,11520.88497
Maine,2019,Expenditure,Other,3501.045822
Maine,2019,HP,Housing Prices,222734.0126
Maine,2020,TotalIncome,Income,46554.90525
Maine,2020,Expenditure,Income Tax,13962.11618
Maine,2020,Expenditure,Other,3924.320162
Maine,2020,HP,Housing Prices,228252.0486
Maine,2021,TotalIncome,Income,49752.88903
Maine,2021,Expenditure,Income Tax,8082.709767
Maine,2021,Expenditure,Other,3282.847072
Maine,2021,HP,Housing Prices,256050.2404
Maryland,2012,TotalIncome,Income,48658.03554
Maryland,2012,Expenditure,Income Tax,10256.52369
Maryland,2012,Expenditure,Other,1892.212033
Maryland,2012,HP,Housing Prices,350944.1417
Maryland,2013,TotalIncome,Income,49042.17943
Maryland,2013,Expenditure,Income Tax,12927.64388
Maryland,2013,Expenditure,Other,1891.791432
Maryland,2013,HP,Housing Prices,345061.576
Maryland,2014,TotalIncome,Income,52235.04991
Maryland,2014,Expenditure,Income Tax,15785.86572
Maryland,2014,Expenditure,Other,1953.399231
Maryland,2014,HP,Housing Prices,340007.7587
Maryland,2015,TotalIncome,Income,53134.0025
Maryland,2015,Expenditure,Income Tax,15894.25216
Maryland,2015,Expenditure,Other,2078.809186
Maryland,2015,HP,Housing Prices,374722.2543
Maryland,2016,TotalIncome,Income,53539.32262
Maryland,2016,Expenditure,Income Tax,16944.18548
Maryland,2016,Expenditure,Other,1719.561095
Maryland,2016,HP,Housing Prices,345557.5483
Maryland,2017,TotalIncome,Income,56617.69798
Maryland,2017,Expenditure,Income Tax,18424.47949
Maryland,2017,Expenditure,Other,2234.887735
Maryland,2017,HP,Housing Prices,368446.0816
Maryland,2018,TotalIncome,Income,57620.61229
Maryland,2018,Expenditure,Income Tax,17403.01912
Maryland,2018,Expenditure,Other,2348.520561
Maryland,2018,HP,Housing Prices,386348.844
Maryland,2019,TotalIncome,Income,58688.50126
Maryland,2019,Expenditure,Income Tax,24017.77778
Maryland,2019,Expenditure,Other,3730.859375
Maryland,2019,HP,Housing Prices,356474.9385
Maryland,2020,TotalIncome,Income,66401.14172
Maryland,2020,Expenditure,Income Tax,28936.02221
Maryland,2020,Expenditure,Other,3865.785845
Maryland,2020,HP,Housing Prices,389410.482
Maryland,2021,TotalIncome,Income,71455.953
Maryland,2021,Expenditure,Income Tax,29540.09317
Maryland,2021,Expenditure,Other,3591.177494
Maryland,2021,HP,Housing Prices,407018.7841
Massachusetts,2012,TotalIncome,Income,46372.44574
Massachusetts,2012,Expenditure,Income Tax,13918.97434
Massachusetts,2012,Expenditure,Other,1857.640601
Massachusetts,2012,HP,Housing Prices,406735.3254
Massachusetts,2013,TotalIncome,Income,46012.89295
Massachusetts,2013,Expenditure,Income Tax,13051.8767
Massachusetts,2013,Expenditure,Other,1838.148465
Massachusetts,2013,HP,Housing Prices,367204.8851
Massachusetts,2014,TotalIncome,Income,53985.93277
Massachusetts,2014,Expenditure,Income Tax,20329.40752
Massachusetts,2014,Expenditure,Other,1923.91623
Massachusetts,2014,HP,Housing Prices,361913.2879
Massachusetts,2015,TotalIncome,Income,49700.11237
Massachusetts,2015,Expenditure,Income Tax,15679.16292
Massachusetts,2015,Expenditure,Other,2070.403367
Massachusetts,2015,HP,Housing Prices,436392.7215
Massachusetts,2016,TotalIncome,Income,52848.775
Massachusetts,2016,Expenditure,Income Tax,17326.40862
Massachusetts,2016,Expenditure,Other,1905.392348
Massachusetts,2016,HP,Housing Prices,465125.2595
Massachusetts,2017,TotalIncome,Income,53507.34798
Massachusetts,2017,Expenditure,Income Tax,15444.77595
Massachusetts,2017,Expenditure,Other,2059.175339
Massachusetts,2017,HP,Housing Prices,440544.8888
Massachusetts,2018,TotalIncome,Income,57509.63952
Massachusetts,2018,Expenditure,Income Tax,17725.91849
Massachusetts,2018,Expenditure,Other,2351.561177
Massachusetts,2018,HP,Housing Prices,449935.2885
Massachusetts,2019,TotalIncome,Income,62445.1638
Massachusetts,2019,Expenditure,Income Tax,25990.65999
Massachusetts,2019,Expenditure,Other,3974.349004
Massachusetts,2019,HP,Housing Prices,473396.0772
Massachusetts,2020,TotalIncome,Income,68248.90374
Massachusetts,2020,Expenditure,Income Tax,30304.13888
Massachusetts,2020,Expenditure,Other,3931.531062
Massachusetts,2020,HP,Housing Prices,492655.8833
Massachusetts,2021,TotalIncome,Income,68420.90338
Massachusetts,2021,Expenditure,Income Tax,24246.80286
Massachusetts,2021,Expenditure,Other,4304.005582
Massachusetts,2021,HP,Housing Prices,554534.7681
Michigan,2012,TotalIncome,Income,37605.10897
Michigan,2012,Expenditure,Income Tax,8501.554038
Michigan,2012,Expenditure,Other,1349.104447
Michigan,2012,HP,Housing Prices,150184.5032
Michigan,2013,TotalIncome,Income,39655.28281
Michigan,2013,Expenditure,Income Tax,9132.692123
Michigan,2013,Expenditure,Other,1528.341083
Michigan,2013,HP,Housing Prices,153768.1692
Michigan,2014,TotalIncome,Income,44963.98291
Michigan,2014,Expenditure,Income Tax,13155.6223
Michigan,2014,Expenditure,Other,1726.985362
Michigan,2014,HP,Housing Prices,173664.2354
Michigan,2015,TotalIncome,Income,40221.09886
Michigan,2015,Expenditure,Income Tax,10251.90043
Michigan,2015,Expenditure,Other,1705.425014
Michigan,2015,HP,Housing Prices,157788.319
Michigan,2016,TotalIncome,Income,41889.93403
Michigan,2016,Expenditure,Income Tax,10966.78677
Michigan,2016,Expenditure,Other,1896.452582
Michigan,2016,HP,Housing Prices,172777.8794
Michigan,2017,TotalIncome,Income,43465.61459
Michigan,2017,Expenditure,Income Tax,10271.11207
Michigan,2017,Expenditure,Other,2007.381067
Michigan,2017,HP,Housing Prices,181838.9825
Michigan,2018,TotalIncome,Income,47091.95911
Michigan,2018,Expenditure,Income Tax,11849.09278
Michigan,2018,Expenditure,Other,2063.61824
Michigan,2018,HP,Housing Prices,184031.571
Michigan,2019,TotalIncome,Income,47859.62195
Michigan,2019,Expenditure,Income Tax,14514.53257
Michigan,2019,Expenditure,Other,3106.869659
Michigan,2019,HP,Housing Prices,215530.8546
Michigan,2020,TotalIncome,Income,54218.89988
Michigan,2020,Expenditure,Income Tax,17885.86014
Michigan,2020,Expenditure,Other,3530.791989
Michigan,2020,HP,Housing Prices,217460.882
Michigan,2021,TotalIncome,Income,57827.96669
Michigan,2021,Expenditure,Income Tax,17622.89744
Michigan,2021,Expenditure,Other,3190.150451
Michigan,2021,HP,Housing Prices,234403.3322
Minnesota,2012,TotalIncome,Income,41897.07948
Minnesota,2012,Expenditure,Income Tax,10644.41948
Minnesota,2012,Expenditure,Other,1798.926453
Minnesota,2012,HP,Housing Prices,219140.9682
Minnesota,2013,TotalIncome,Income,43574.5479
Minnesota,2013,Expenditure,Income Tax,10851.022
Minnesota,2013,Expenditure,Other,1908.174251
Minnesota,2013,HP,Housing Prices,225830.9318
Minnesota,2014,TotalIncome,Income,45198.77502
Minnesota,2014,Expenditure,Income Tax,13423.2342
Minnesota,2014,Expenditure,Other,2272.220903
Minnesota,2014,HP,Housing Prices,243066.7271
Minnesota,2015,TotalIncome,Income,47366.65927
Minnesota,2015,Expenditure,Income Tax,13462.35469
Minnesota,2015,Expenditure,Other,1995.874823
Minnesota,2015,HP,Housing Prices,237524.5638
Minnesota,2016,TotalIncome,Income,48202.51246
Minnesota,2016,Expenditure,Income Tax,15010.1692
Minnesota,2016,Expenditure,Other,2234.13118
Minnesota,2016,HP,Housing Prices,222714.3749
Minnesota,2017,TotalIncome,Income,48316.94227
Minnesota,2017,Expenditure,Income Tax,13167.16058
Minnesota,2017,Expenditure,Other,2314.663366
Minnesota,2017,HP,Housing Prices,240723.6862
Minnesota,2018,TotalIncome,Income,50998.01283
Minnesota,2018,Expenditure,Income Tax,13752.99441
Minnesota,2018,Expenditure,Other,2232.997491
Minnesota,2018,HP,Housing Prices,257461.6659
Minnesota,2019,TotalIncome,Income,54647.49876
Minnesota,2019,Expenditure,Income Tax,19422.53102
Minnesota,2019,Expenditure,Other,3664.986519
Minnesota,2019,HP,Housing Prices,269312.8176
Minnesota,2020,TotalIncome,Income,57701.05413
Minnesota,2020,Expenditure,Income Tax,20421.73679
Minnesota,2020,Expenditure,Other,3678.727227
Minnesota,2020,HP,Housing Prices,296457.9977
Minnesota,2021,TotalIncome,Income,64398.60385
Minnesota,2021,Expenditure,Income Tax,21276.7696
Minnesota,2021,Expenditure,Other,3884.020768
Minnesota,2021,HP,Housing Prices,317089.5748
Mississippi,2012,TotalIncome,Income,32093.83556
Mississippi,2012,Expenditure,Income Tax,6333.346216
Mississippi,2012,Expenditure,Other,1565.663102
Mississippi,2012,HP,Housing Prices,127229.583
Mississippi,2013,TotalIncome,Income,31610.6
Mississippi,2013,Expenditure,Income Tax,7121.697479
Mississippi,2013,Expenditure,Other,1408.500316
Mississippi,2013,HP,Housing Prices,121383.6971
Mississippi,2014,TotalIncome,Income,38424.80543
Mississippi,2014,Expenditure,Income Tax,13770.26601
Mississippi,2014,Expenditure,Other,1677.929701
Mississippi,2014,HP,Housing Prices,125128.3136
Mississippi,2015,TotalIncome,Income,32383.67246
Mississippi,2015,Expenditure,Income Tax,6984.004677
Mississippi,2015,Expenditure,Other,1539.148588
Mississippi,2015,HP,Housing Prices,119440.7126
Mississippi,2016,TotalIncome,Income,34954.94276
Mississippi,2016,Expenditure,Income Tax,9007.087029
Mississippi,2016,Expenditure,Other,1604.291005
Mississippi,2016,HP,Housing Prices,132667.2233
Mississippi,2017,TotalIncome,Income,36015.05629
Mississippi,2017,Expenditure,Income Tax,7979.509752
Mississippi,2017,Expenditure,Other,1601.378482
Mississippi,2017,HP,Housing Prices,134136.1135
Mississippi,2018,TotalIncome,Income,35384.51095
Mississippi,2018,Expenditure,Income Tax,7390.769629
Mississippi,2018,Expenditure,Other,1655.825851
Mississippi,2018,HP,Housing Prices,138555.9903
Mississippi,2019,TotalIncome,Income,37419.60596
Mississippi,2019,Expenditure,Income Tax,8643.019806
Mississippi,2019,Expenditure,Other,2505.418988
Mississippi,2019,HP,Housing Prices,146503.2039
Mississippi,2020,TotalIncome,Income,39309.1874
Mississippi,2020,Expenditure,Income Tax,9775.961504
Mississippi,2020,Expenditure,Other,2728.832618
Mississippi,2020,HP,Housing Prices,149422.9084
Mississippi,2021,TotalIncome,Income,39271.16724
Mississippi,2021,Expenditure,Income Tax,3572.696369
Mississippi,2021,Expenditure,Other,2536.095161
Mississippi,2021,HP,Housing Prices,151081.16
Missouri,2012,TotalIncome,Income,38648.4001
Missouri,2012,Expenditure,Income Tax,9642.987941
Missouri,2012,Expenditure,Other,1738.577122
Missouri,2012,HP,Housing Prices,177998.9065
Missouri,2013,TotalIncome,Income,40177.38865
Missouri,2013,Expenditure,Income Tax,9828.66374
Missouri,2013,Expenditure,Other,1558.546209
Missouri,2013,HP,Housing Prices,174887.4585
Missouri,2014,TotalIncome,Income,36897.09491
Missouri,2014,Expenditure,Income Tax,9778.163102
Missouri,2014,Expenditure,Other,1977.698347
Missouri,2014,HP,Housing Prices,178477.0642
Missouri,2015,TotalIncome,Income,42454.22847
Missouri,2015,Expenditure,Income Tax,11827.5142
Missouri,2015,Expenditure,Other,1795.240639
Missouri,2015,HP,Housing Prices,193311.2304
Missouri,2016,TotalIncome,Income,44391.40418
Missouri,2016,Expenditure,Income Tax,12421.28856
Missouri,2016,Expenditure,Other,2311.409897
Missouri,2016,HP,Housing Prices,179761.8403
Missouri,2017,TotalIncome,Income,43401.56216
Missouri,2017,Expenditure,Income Tax,11322.09091
Missouri,2017,Expenditure,Other,2028.894838
Missouri,2017,HP,Housing Prices,180074.7408
Missouri,2018,TotalIncome,Income,46046.21922
Missouri,2018,Expenditure,Income Tax,12481.56748
Missouri,2018,Expenditure,Other,2012.702651
Missouri,2018,HP,Housing Prices,199335.0379
Missouri,2019,TotalIncome,Income,47917.13645
Missouri,2019,Expenditure,Income Tax,13341.87626
Missouri,2019,Expenditure,Other,3199.366279
Missouri,2019,HP,Housing Prices,211980.7011
Missouri,2020,TotalIncome,Income,48184.66712
Missouri,2020,Expenditure,Income Tax,13552.9665
Missouri,2020,Expenditure,Other,3374.93226
Missouri,2020,HP,Housing Prices,210124.7286
Missouri,2021,TotalIncome,Income,50668.6677
Missouri,2021,Expenditure,Income Tax,8617.645963
Missouri,2021,Expenditure,Other,3217.733202
Missouri,2021,HP,Housing Prices,224401.0605
Montana,2012,TotalIncome,Income,31844.71498
Montana,2012,Expenditure,Income Tax,5806.484241
Montana,2012,Expenditure,Other,1551.386158
Montana,2012,HP,Housing Prices,200814.658
Montana,2013,TotalIncome,Income,35553.27205
Montana,2013,Expenditure,Income Tax,7021.622126
Montana,2013,Expenditure,Other,1529.198878
Montana,2013,HP,Housing Prices,219795.6269
Montana,2014,TotalIncome,Income,35736.15385
Montana,2014,Expenditure,Income Tax,8366.185714
Montana,2014,Expenditure,Other,1728.279919
Montana,2014,HP,Housing Prices,229674.3243
Montana,2015,TotalIncome,Income,40302.21941
Montana,2015,Expenditure,Income Tax,10074.60679
Montana,2015,Expenditure,Other,2095.263894
Montana,2015,HP,Housing Prices,220686.6815
Montana,2016,TotalIncome,Income,40494.28661
Montana,2016,Expenditure,Income Tax,10723.34478
Montana,2016,Expenditure,Other,1982.823667
Montana,2016,HP,Housing Prices,255927.1749
Montana,2017,TotalIncome,Income,41678.5872
Montana,2017,Expenditure,Income Tax,10125.46947
Montana,2017,Expenditure,Other,2182.778574
Montana,2017,HP,Housing Prices,246896.48
Montana,2018,TotalIncome,Income,44642.90704
Montana,2018,Expenditure,Income Tax,11358.09594
Montana,2018,Expenditure,Other,1883.4306
Montana,2018,HP,Housing Prices,258884.3849
Montana,2019,TotalIncome,Income,42626.01672
Montana,2019,Expenditure,Income Tax,11391.51026
Montana,2019,Expenditure,Other,3097.456714
Montana,2019,HP,Housing Prices,314596.5044
Montana,2020,TotalIncome,Income,47421.33943
Montana,2020,Expenditure,Income Tax,13643.40667
Montana,2020,Expenditure,Other,3600.694514
Montana,2020,HP,Housing Prices,357178.8755
Montana,2021,TotalIncome,Income,49851.74337
Montana,2021,Expenditure,Income Tax,9616.302263
Montana,2021,Expenditure,Other,3199.272197
Montana,2021,HP,Housing Prices,399685
Nebraska,2012,TotalIncome,Income,40059.82605
Nebraska,2012,Expenditure,Income Tax,9747.712672
Nebraska,2012,Expenditure,Other,1911.772921
Nebraska,2012,HP,Housing Prices,156805.8229
Nebraska,2013,TotalIncome,Income,38273.09891
Nebraska,2013,Expenditure,Income Tax,7889.027421
Nebraska,2013,Expenditure,Other,1793.803944
Nebraska,2013,HP,Housing Prices,153113.7154
Nebraska,2014,TotalIncome,Income,40479.16533
Nebraska,2014,Expenditure,Income Tax,10587.74041
Nebraska,2014,Expenditure,Other,2581.319629
Nebraska,2014,HP,Housing Prices,169301.8576
Nebraska,2015,TotalIncome,Income,41669.67868
Nebraska,2015,Expenditure,Income Tax,10851.73617
Nebraska,2015,Expenditure,Other,2001.770294
Nebraska,2015,HP,Housing Prices,158900.5454
Nebraska,2016,TotalIncome,Income,42415.79758
Nebraska,2016,Expenditure,Income Tax,12135.22779
Nebraska,2016,Expenditure,Other,1734.381783
Nebraska,2016,HP,Housing Prices,164035.2155
Nebraska,2017,TotalIncome,Income,44243.98783
Nebraska,2017,Expenditure,Income Tax,11112.43442
Nebraska,2017,Expenditure,Other,2060.040268
Nebraska,2017,HP,Housing Prices,171391.7703
Nebraska,2018,TotalIncome,Income,46385.53045
Nebraska,2018,Expenditure,Income Tax,12055.52645
Nebraska,2018,Expenditure,Other,2660.419624
Nebraska,2018,HP,Housing Prices,180934.4459
Nebraska,2019,TotalIncome,Income,50047.31938
Nebraska,2019,Expenditure,Income Tax,13925.70447
Nebraska,2019,Expenditure,Other,3602.340526
Nebraska,2019,HP,Housing Prices,211932.8571
Nebraska,2020,TotalIncome,Income,51467.1455
Nebraska,2020,Expenditure,Income Tax,14895.58086
Nebraska,2020,Expenditure,Other,3769.77883
Nebraska,2020,HP,Housing Prices,207924.0308
Nebraska,2021,TotalIncome,Income,54186.81781
Nebraska,2021,Expenditure,Income Tax,8788.768338
Nebraska,2021,Expenditure,Other,3323.727082
Nebraska,2021,HP,Housing Prices,230289.3991
Nevada,2012,TotalIncome,Income,36837.05838
Nevada,2012,Expenditure,Income Tax,5313.74876
Nevada,2012,Expenditure,Other,1493.285825
Nevada,2012,HP,Housing Prices,201709.3663
Nevada,2013,TotalIncome,Income,37778.34744
Nevada,2013,Expenditure,Income Tax,5430.915282
Nevada,2013,Expenditure,Other,1567.578378
Nevada,2013,HP,Housing Prices,190087.628
Nevada,2014,TotalIncome,Income,41738.22007
Nevada,2014,Expenditure,Income Tax,7303.685879
Nevada,2014,Expenditure,Other,1873.998715
Nevada,2014,HP,Housing Prices,229027.741
Nevada,2015,TotalIncome,Income,39215.50355
Nevada,2015,Expenditure,Income Tax,7129.877064
Nevada,2015,Expenditure,Other,1684.86096
Nevada,2015,HP,Housing Prices,239143.8846
Nevada,2016,TotalIncome,Income,41423.77903
Nevada,2016,Expenditure,Income Tax,8415.841719
Nevada,2016,Expenditure,Other,1579.530144
Nevada,2016,HP,Housing Prices,256118.6511
Nevada,2017,TotalIncome,Income,42345.32017
Nevada,2017,Expenditure,Income Tax,7291.713994
Nevada,2017,Expenditure,Other,1801.096912
Nevada,2017,HP,Housing Prices,256475.0196
Nevada,2018,TotalIncome,Income,43523.80175
Nevada,2018,Expenditure,Income Tax,8092.557971
Nevada,2018,Expenditure,Other,1783.062659
Nevada,2018,HP,Housing Prices,248754.3182
Nevada,2019,TotalIncome,Income,47267.21484
Nevada,2019,Expenditure,Income Tax,9174.003179
Nevada,2019,Expenditure,Other,2885.226479
Nevada,2019,HP,Housing Prices,300842.4352
Nevada,2020,TotalIncome,Income,50804.03004
Nevada,2020,Expenditure,Income Tax,10384.3182
Nevada,2020,Expenditure,Other,3510.533262
Nevada,2020,HP,Housing Prices,329964.8867
Nevada,2021,TotalIncome,Income,47605.87179
Nevada,2021,Expenditure,Income Tax,4454.139171
Nevada,2021,Expenditure,Other,2789.273438
Nevada,2021,HP,Housing Prices,389147.2585
New Hampshire,2012,TotalIncome,Income,44100.58277
New Hampshire,2012,Expenditure,Income Tax,8689.079809
New Hampshire,2012,Expenditure,Other,2037.720654
New Hampshire,2012,HP,Housing Prices,277508.5632
New Hampshire,2013,TotalIncome,Income,46918.08284
New Hampshire,2013,Expenditure,Income Tax,9221.237209
New Hampshire,2013,Expenditure,Other,2036.817443
New Hampshire,2013,HP,Housing Prices,261297.0257
New Hampshire,2014,TotalIncome,Income,46287.88571
New Hampshire,2014,Expenditure,Income Tax,10654.22199
New Hampshire,2014,Expenditure,Other,2279.49496
New Hampshire,2014,HP,Housing Prices,267479.5127
New Hampshire,2015,TotalIncome,Income,48506.08702
New Hampshire,2015,Expenditure,Income Tax,12315.44547
New Hampshire,2015,Expenditure,Other,2268.019667
New Hampshire,2015,HP,Housing Prices,302121.77
New Hampshire,2016,TotalIncome,Income,48901.84175
New Hampshire,2016,Expenditure,Income Tax,12173.14631
New Hampshire,2016,Expenditure,Other,2358.348756
New Hampshire,2016,HP,Housing Prices,303894.0969
New Hampshire,2017,TotalIncome,Income,50944.63892
New Hampshire,2017,Expenditure,Income Tax,11700.23187
New Hampshire,2017,Expenditure,Other,2338.705882
New Hampshire,2017,HP,Housing Prices,302469.7818
New Hampshire,2018,TotalIncome,Income,51836.20421
New Hampshire,2018,Expenditure,Income Tax,11652.8125
New Hampshire,2018,Expenditure,Other,2377.234107
New Hampshire,2018,HP,Housing Prices,331989.5296
New Hampshire,2019,TotalIncome,Income,54286.6303
New Hampshire,2019,Expenditure,Income Tax,14089.10015
New Hampshire,2019,Expenditure,Other,3929.554186
New Hampshire,2019,HP,Housing Prices,315895.1157
New Hampshire,2020,TotalIncome,Income,59991.19593
New Hampshire,2020,Expenditure,Income Tax,18389.52336
New Hampshire,2020,Expenditure,Other,4528.979741
New Hampshire,2020,HP,Housing Prices,312535.3659
New Hampshire,2021,TotalIncome,Income,60485.74544
New Hampshire,2021,Expenditure,Income Tax,11531.52281
New Hampshire,2021,Expenditure,Other,4078.975917
New Hampshire,2021,HP,Housing Prices,372017.4737
New Jersey,2012,TotalIncome,Income,48608.9693
New Jersey,2012,Expenditure,Income Tax,12966.91302
New Jersey,2012,Expenditure,Other,1734.992916
New Jersey,2012,HP,Housing Prices,376564.7571
New Jersey,2013,TotalIncome,Income,49665.34799
New Jersey,2013,Expenditure,Income Tax,13198.80366
New Jersey,2013,Expenditure,Other,1919.361963
New Jersey,2013,HP,Housing Prices,382017.5384
New Jersey,2014,TotalIncome,Income,48013.52381
New Jersey,2014,Expenditure,Income Tax,14223.21064
New Jersey,2014,Expenditure,Other,2327.543
New Jersey,2014,HP,Housing Prices,436064.2674
New Jersey,2015,TotalIncome,Income,48497.20278
New Jersey,2015,Expenditure,Income Tax,13528.42831
New Jersey,2015,Expenditure,Other,2107.479943
New Jersey,2015,HP,Housing Prices,405152.141
New Jersey,2016,TotalIncome,Income,52324.74223
New Jersey,2016,Expenditure,Income Tax,15904.51861
New Jersey,2016,Expenditure,Other,1952.457352
New Jersey,2016,HP,Housing Prices,394314.3071
New Jersey,2017,TotalIncome,Income,54924.86078
New Jersey,2017,Expenditure,Income Tax,16315.917
New Jersey,2017,Expenditure,Other,2096.293916
New Jersey,2017,HP,Housing Prices,375452.4384
New Jersey,2018,TotalIncome,Income,54040.87131
New Jersey,2018,Expenditure,Income Tax,15362.16932
New Jersey,2018,Expenditure,Other,2281.54524
New Jersey,2018,HP,Housing Prices,395235.6828
New Jersey,2019,TotalIncome,Income,60744.40682
New Jersey,2019,Expenditure,Income Tax,26088.62766
New Jersey,2019,Expenditure,Other,4013.769521
New Jersey,2019,HP,Housing Prices,419433.7588
New Jersey,2020,TotalIncome,Income,64829.33333
New Jersey,2020,Expenditure,Income Tax,27818.60501
New Jersey,2020,Expenditure,Other,4241.303834
New Jersey,2020,HP,Housing Prices,433073.007
New Jersey,2021,TotalIncome,Income,65691.79304
New Jersey,2021,Expenditure,Income Tax,21167.21837
New Jersey,2021,Expenditure,Other,3747.15861
New Jersey,2021,HP,Housing Prices,463410.3083
New Mexico,2012,TotalIncome,Income,35870.27474
New Mexico,2012,Expenditure,Income Tax,5187.214748
New Mexico,2012,Expenditure,Other,1681.457801
New Mexico,2012,HP,Housing Prices,197965.211
New Mexico,2013,TotalIncome,Income,42358.82413
New Mexico,2013,Expenditure,Income Tax,10660.16319
New Mexico,2013,Expenditure,Other,1778.168554
New Mexico,2013,HP,Housing Prices,190629.06
New Mexico,2014,TotalIncome,Income,35355.15282
New Mexico,2014,Expenditure,Income Tax,6916.075269
New Mexico,2014,Expenditure,Other,1580.801105
New Mexico,2014,HP,Housing Prices,191909.2527
New Mexico,2015,TotalIncome,Income,38268.9836
New Mexico,2015,Expenditure,Income Tax,7213.027407
New Mexico,2015,Expenditure,Other,1733.058131
New Mexico,2015,HP,Housing Prices,191779.3987
New Mexico,2016,TotalIncome,Income,36780.24971
New Mexico,2016,Expenditure,Income Tax,7231.120277
New Mexico,2016,Expenditure,Other,1519.799314
New Mexico,2016,HP,Housing Prices,185595.9043
New Mexico,2017,TotalIncome,Income,41785.28257
New Mexico,2017,Expenditure,Income Tax,10594.7761
New Mexico,2017,Expenditure,Other,1537.249277
New Mexico,2017,HP,Housing Prices,187061.7728
New Mexico,2018,TotalIncome,Income,39202.63132
New Mexico,2018,Expenditure,Income Tax,7593.907395
New Mexico,2018,Expenditure,Other,1526.962375
New Mexico,2018,HP,Housing Prices,195249.8492
New Mexico,2019,TotalIncome,Income,43934.47219
New Mexico,2019,Expenditure,Income Tax,13500.91159
New Mexico,2019,Expenditure,Other,2556.414625
New Mexico,2019,HP,Housing Prices,190402.7241
New Mexico,2020,TotalIncome,Income,42170.88619
New Mexico,2020,Expenditure,Income Tax,8697.727866
New Mexico,2020,Expenditure,Other,2993.52289
New Mexico,2020,HP,Housing Prices,223343.7092
New Mexico,2021,TotalIncome,Income,42451.77199
New Mexico,2021,Expenditure,Income Tax,2657.47993
New Mexico,2021,Expenditure,Other,2689.588865
New Mexico,2021,HP,Housing Prices,244746.9269
New York,2012,TotalIncome,Income,40381.07427
New York,2012,Expenditure,Income Tax,11424.61053
New York,2012,Expenditure,Other,1467.560729
New York,2012,HP,Housing Prices,380476.8061
New York,2013,TotalIncome,Income,42653.18431
New York,2013,Expenditure,Income Tax,12138.18118
New York,2013,Expenditure,Other,1467.509146
New York,2013,HP,Housing Prices,348937.7883
New York,2014,TotalIncome,Income,47328.33516
New York,2014,Expenditure,Income Tax,15164.88841
New York,2014,Expenditure,Other,1582.464886
New York,2014,HP,Housing Prices,382875.5026
New York,2015,TotalIncome,Income,46537.55318
New York,2015,Expenditure,Income Tax,14650.33141
New York,2015,Expenditure,Other,1631.923712
New York,2015,HP,Housing Prices,389468.199
New York,2016,TotalIncome,Income,48256.19731
New York,2016,Expenditure,Income Tax,15492.82966
New York,2016,Expenditure,Other,1744.253659
New York,2016,HP,Housing Prices,413198.0493
New York,2017,TotalIncome,Income,51568.01192
New York,2017,Expenditure,Income Tax,16261.54539
New York,2017,Expenditure,Other,1823.333279
New York,2017,HP,Housing Prices,383046.051
New York,2018,TotalIncome,Income,51972.00143
New York,2018,Expenditure,Income Tax,16344.57007
New York,2018,Expenditure,Other,2156.033199
New York,2018,HP,Housing Prices,400152.7241
New York,2019,TotalIncome,Income,55698.68132
New York,2019,Expenditure,Income Tax,21801.74114
New York,2019,Expenditure,Other,2966.593126
New York,2019,HP,Housing Prices,483229.6894
New York,2020,TotalIncome,Income,57935.44506
New York,2020,Expenditure,Income Tax,23089.56955
New York,2020,Expenditure,Other,2862.072929
New York,2020,HP,Housing Prices,484341.7006
New York,2021,TotalIncome,Income,55876.46844
New York,2021,Expenditure,Income Tax,15508.34944
New York,2021,Expenditure,Other,3273.563692
New York,2021,HP,Housing Prices,492165.8983
North Carolina,2012,TotalIncome,Income,37552.45347
North Carolina,2012,Expenditure,Income Tax,9123.263625
North Carolina,2012,Expenditure,Other,1711.495887
North Carolina,2012,HP,Housing Prices,193533.3987
North Carolina,2013,TotalIncome,Income,35665.78941
North Carolina,2013,Expenditure,Income Tax,9705.903288
North Carolina,2013,Expenditure,Other,1699.402901
North Carolina,2013,HP,Housing Prices,187760.1219
North Carolina,2014,TotalIncome,Income,37944.63054
North Carolina,2014,Expenditure,Income Tax,11636.17495
North Carolina,2014,Expenditure,Other,2019.703906
North Carolina,2014,HP,Housing Prices,182607.5532
North Carolina,2015,TotalIncome,Income,41350.929
North Carolina,2015,Expenditure,Income Tax,10733.13322
North Carolina,2015,Expenditure,Other,1759.807421
North Carolina,2015,HP,Housing Prices,191778.0334
North Carolina,2016,TotalIncome,Income,42379.05646
North Carolina,2016,Expenditure,Income Tax,11177.7935
North Carolina,2016,Expenditure,Other,1954.80829
North Carolina,2016,HP,Housing Prices,200258.4196
North Carolina,2017,TotalIncome,Income,43202.58872
North Carolina,2017,Expenditure,Income Tax,11825.77436
North Carolina,2017,Expenditure,Other,2189.365921
North Carolina,2017,HP,Housing Prices,195439.7144
North Carolina,2018,TotalIncome,Income,45204.40393
North Carolina,2018,Expenditure,Income Tax,12065.76565
North Carolina,2018,Expenditure,Other,2374.452819
North Carolina,2018,HP,Housing Prices,206716.745
North Carolina,2019,TotalIncome,Income,44580.46734
North Carolina,2019,Expenditure,Income Tax,12979.21927
North Carolina,2019,Expenditure,Other,3000.080199
North Carolina,2019,HP,Housing Prices,217681.9609
North Carolina,2020,TotalIncome,Income,48934.4218
North Carolina,2020,Expenditure,Income Tax,14790.77937
North Carolina,2020,Expenditure,Other,3268.005808
North Carolina,2020,HP,Housing Prices,220273.3333
North Carolina,2021,TotalIncome,Income,48688.84562
North Carolina,2021,Expenditure,Income Tax,7315.898084
North Carolina,2021,Expenditure,Other,3184.151861
North Carolina,2021,HP,Housing Prices,250331.1314
North Dakota,2012,TotalIncome,Income,42225.09009
North Dakota,2012,Expenditure,Income Tax,9044.161812
North Dakota,2012,Expenditure,Other,2006.080897
North Dakota,2012,HP,Housing Prices,181957.5215
North Dakota,2013,TotalIncome,Income,43658.96581
North Dakota,2013,Expenditure,Income Tax,8909.687629
North Dakota,2013,Expenditure,Other,1960.070663
North Dakota,2013,HP,Housing Prices,178873.7143
North Dakota,2014,TotalIncome,Income,44375.58661
North Dakota,2014,Expenditure,Income Tax,10867.50502
North Dakota,2014,Expenditure,Other,2363.28681
North Dakota,2014,HP,Housing Prices,182686.9848
North Dakota,2015,TotalIncome,Income,44978.85436
North Dakota,2015,Expenditure,Income Tax,10871.20758
North Dakota,2015,Expenditure,Other,2415.046553
North Dakota,2015,HP,Housing Prices,220238.8383
North Dakota,2016,TotalIncome,Income,45475.3037
North Dakota,2016,Expenditure,Income Tax,10984.14621
North Dakota,2016,Expenditure,Other,2224.234699
North Dakota,2016,HP,Housing Prices,203346.0985
North Dakota,2017,TotalIncome,Income,46684.72817
North Dakota,2017,Expenditure,Income Tax,9650.071806
North Dakota,2017,Expenditure,Other,2254.094453
North Dakota,2017,HP,Housing Prices,206047.3359
North Dakota,2018,TotalIncome,Income,46619.91484
North Dakota,2018,Expenditure,Income Tax,9730.99787
North Dakota,2018,Expenditure,Other,2232.273356
North Dakota,2018,HP,Housing Prices,195047.0037
North Dakota,2019,TotalIncome,Income,51942.38476
North Dakota,2019,Expenditure,Income Tax,12544.10806
North Dakota,2019,Expenditure,Other,3486.918577
North Dakota,2019,HP,Housing Prices,227938.886
North Dakota,2020,TotalIncome,Income,54342.64132
North Dakota,2020,Expenditure,Income Tax,13298.84821
North Dakota,2020,Expenditure,Other,3221.46621
North Dakota,2020,HP,Housing Prices,240655.0839
North Dakota,2021,TotalIncome,Income,51959.00956
North Dakota,2021,Expenditure,Income Tax,5620.886149
North Dakota,2021,Expenditure,Other,3382.856029
North Dakota,2021,HP,Housing Prices,239498.1563
Ohio,2012,TotalIncome,Income,36645.80086
Ohio,2012,Expenditure,Income Tax,7966.605619
Ohio,2012,Expenditure,Other,1579.968025
Ohio,2012,HP,Housing Prices,158320.0287
Ohio,2013,TotalIncome,Income,36099.75727
Ohio,2013,Expenditure,Income Tax,7501.152542
Ohio,2013,Expenditure,Other,1645.946776
Ohio,2013,HP,Housing Prices,155867.5013
Ohio,2014,TotalIncome,Income,41106.41614
Ohio,2014,Expenditure,Income Tax,11334.54968
Ohio,2014,Expenditure,Other,1764.90433
Ohio,2014,HP,Housing Prices,160491.955
Ohio,2015,TotalIncome,Income,39637.3851
Ohio,2015,Expenditure,Income Tax,9915.410665
Ohio,2015,Expenditure,Other,1736.882064
Ohio,2015,HP,Housing Prices,157239.1612
Ohio,2016,TotalIncome,Income,39773.79779
Ohio,2016,Expenditure,Income Tax,10113.5829
Ohio,2016,Expenditure,Other,1922.276088
Ohio,2016,HP,Housing Prices,178267.5115
Ohio,2017,TotalIncome,Income,44140.43024
Ohio,2017,Expenditure,Income Tax,11118.17991
Ohio,2017,Expenditure,Other,1989.100582
Ohio,2017,HP,Housing Prices,178332.3986
Ohio,2018,TotalIncome,Income,45949.20147
Ohio,2018,Expenditure,Income Tax,11794.31985
Ohio,2018,Expenditure,Other,2096.867387
Ohio,2018,HP,Housing Prices,195273.0882
Ohio,2019,TotalIncome,Income,47986.96768
Ohio,2019,Expenditure,Income Tax,13842.76832
Ohio,2019,Expenditure,Other,3447.235146
Ohio,2019,HP,Housing Prices,204315.0361
Ohio,2020,TotalIncome,Income,53050.47778
Ohio,2020,Expenditure,Income Tax,15545.87709
Ohio,2020,Expenditure,Other,3628.397989
Ohio,2020,HP,Housing Prices,214577.1406
Ohio,2021,TotalIncome,Income,48112.21511
Ohio,2021,Expenditure,Income Tax,7031.881461
Ohio,2021,Expenditure,Other,3585.855016
Ohio,2021,HP,Housing Prices,210338.2107
Oklahoma,2012,TotalIncome,Income,39650.84845
Oklahoma,2012,Expenditure,Income Tax,7951.077008
Oklahoma,2012,Expenditure,Other,1610.671533
Oklahoma,2012,HP,Housing Prices,173970.2534
Oklahoma,2013,TotalIncome,Income,38413.49416
Oklahoma,2013,Expenditure,Income Tax,6822.013667
Oklahoma,2013,Expenditure,Other,1275.517636
Oklahoma,2013,HP,Housing Prices,151659.3079
Oklahoma,2014,TotalIncome,Income,39258.64835
Oklahoma,2014,Expenditure,Income Tax,8557.023166
Oklahoma,2014,Expenditure,Other,1589.187608
Oklahoma,2014,HP,Housing Prices,157776.8898
Oklahoma,2015,TotalIncome,Income,39424.33193
Oklahoma,2015,Expenditure,Income Tax,8600.742297
Oklahoma,2015,Expenditure,Other,1657.692189
Oklahoma,2015,HP,Housing Prices,148032.8703
Oklahoma,2016,TotalIncome,Income,42743.7913
Oklahoma,2016,Expenditure,Income Tax,10895.74835
Oklahoma,2016,Expenditure,Other,1998.661594
Oklahoma,2016,HP,Housing Prices,156841.6389
Oklahoma,2017,TotalIncome,Income,43699.82391
Oklahoma,2017,Expenditure,Income Tax,11754.6499
Oklahoma,2017,Expenditure,Other,1761.35469
Oklahoma,2017,HP,Housing Prices,147486.5352
Oklahoma,2018,TotalIncome,Income,42117.27657
Oklahoma,2018,Expenditure,Income Tax,8652.128111
Oklahoma,2018,Expenditure,Other,1818.049697
Oklahoma,2018,HP,Housing Prices,162933.6461
Oklahoma,2019,TotalIncome,Income,45354.57928
Oklahoma,2019,Expenditure,Income Tax,10054.5869
Oklahoma,2019,Expenditure,Other,2864.55272
Oklahoma,2019,HP,Housing Prices,165474.0648
Oklahoma,2020,TotalIncome,Income,49645.15432
Oklahoma,2020,Expenditure,Income Tax,13554.36787
Oklahoma,2020,Expenditure,Other,3102.881066
Oklahoma,2020,HP,Housing Prices,178310.8013
Oklahoma,2021,TotalIncome,Income,45298.79545
Oklahoma,2021,Expenditure,Income Tax,4163.503407
Oklahoma,2021,Expenditure,Other,2716.762639
Oklahoma,2021,HP,Housing Prices,193638.8591
Oregon,2012,TotalIncome,Income,37627.51903
Oregon,2012,Expenditure,Income Tax,9015.898649
Oregon,2012,Expenditure,Other,2048.227018
Oregon,2012,HP,Housing Prices,276218.7667
Oregon,2013,TotalIncome,Income,37575.89288
Oregon,2013,Expenditure,Income Tax,8793.181987
Oregon,2013,Expenditure,Other,1885.848229
Oregon,2013,HP,Housing Prices,257575.7665
Oregon,2014,TotalIncome,Income,37627
Oregon,2014,Expenditure,Income Tax,9593.981132
Oregon,2014,Expenditure,Other,2066.161963
Oregon,2014,HP,Housing Prices,262604.4023
Oregon,2015,TotalIncome,Income,41542.17238
Oregon,2015,Expenditure,Income Tax,11904.78265
Oregon,2015,Expenditure,Other,1853.911515
Oregon,2015,HP,Housing Prices,294694.498
Oregon,2016,TotalIncome,Income,41290.16794
Oregon,2016,Expenditure,Income Tax,11408.71274
Oregon,2016,Expenditure,Other,1984.896429
Oregon,2016,HP,Housing Prices,301083.1665
Oregon,2017,TotalIncome,Income,46268.55664
Oregon,2017,Expenditure,Income Tax,13661.11405
Oregon,2017,Expenditure,Other,1812.218577
Oregon,2017,HP,Housing Prices,330908.1984
Oregon,2018,TotalIncome,Income,48727.46185
Oregon,2018,Expenditure,Income Tax,13844.74786
Oregon,2018,Expenditure,Other,2273.563271
Oregon,2018,HP,Housing Prices,327992.3739
Oregon,2019,TotalIncome,Income,49963.06563
Oregon,2019,Expenditure,Income Tax,17260.13493
Oregon,2019,Expenditure,Other,3370.124169
Oregon,2019,HP,Housing Prices,390827.8911
Oregon,2020,TotalIncome,Income,58640.75342
Oregon,2020,Expenditure,Income Tax,26232.99112
Oregon,2020,Expenditure,Other,3454.763365
Oregon,2020,HP,Housing Prices,469496.6346
Oregon,2021,TotalIncome,Income,57124.4081
Oregon,2021,Expenditure,Income Tax,16603.93052
Oregon,2021,Expenditure,Other,3495.325464
Oregon,2021,HP,Housing Prices,478245.6626
Pennsylvania,2012,TotalIncome,Income,39039.06519
Pennsylvania,2012,Expenditure,Income Tax,8971.086861
Pennsylvania,2012,Expenditure,Other,1324.416554
Pennsylvania,2012,HP,Housing Prices,222369.3532
Pennsylvania,2013,TotalIncome,Income,39744.26275
Pennsylvania,2013,Expenditure,Income Tax,8903.858882
Pennsylvania,2013,Expenditure,Other,1539.160101
Pennsylvania,2013,HP,Housing Prices,200813.5214
Pennsylvania,2014,TotalIncome,Income,41852.55731
Pennsylvania,2014,Expenditure,Income Tax,11549.72
Pennsylvania,2014,Expenditure,Other,1809.628289
Pennsylvania,2014,HP,Housing Prices,217674.0562
Pennsylvania,2015,TotalIncome,Income,42491.29527
Pennsylvania,2015,Expenditure,Income Tax,11195.00186
Pennsylvania,2015,Expenditure,Other,1709.515984
Pennsylvania,2015,HP,Housing Prices,228512.5706
Pennsylvania,2016,TotalIncome,Income,44029.48279
Pennsylvania,2016,Expenditure,Income Tax,12108.75464
Pennsylvania,2016,Expenditure,Other,2001.440686
Pennsylvania,2016,HP,Housing Prices,225209.299
Pennsylvania,2017,TotalIncome,Income,45022.84103
Pennsylvania,2017,Expenditure,Income Tax,11656.46452
Pennsylvania,2017,Expenditure,Other,1982.565335
Pennsylvania,2017,HP,Housing Prices,215323.1224
Pennsylvania,2018,TotalIncome,Income,50209.21222
Pennsylvania,2018,Expenditure,Income Tax,14393.82445
Pennsylvania,2018,Expenditure,Other,2209.322898
Pennsylvania,2018,HP,Housing Prices,236265.9635
Pennsylvania,2019,TotalIncome,Income,49473.90134
Pennsylvania,2019,Expenditure,Income Tax,15406.21321
Pennsylvania,2019,Expenditure,Other,3176.11456
Pennsylvania,2019,HP,Housing Prices,253018.4356
Pennsylvania,2020,TotalIncome,Income,55374.54583
Pennsylvania,2020,Expenditure,Income Tax,18247.93044
Pennsylvania,2020,Expenditure,Other,3252.579066
Pennsylvania,2020,HP,Housing Prices,255886.2315
Pennsylvania,2021,TotalIncome,Income,55528.52775
Pennsylvania,2021,Expenditure,Income Tax,14701.02949
Pennsylvania,2021,Expenditure,Other,3372.779743
Pennsylvania,2021,HP,Housing Prices,289644.6338
Rhode Island,2012,TotalIncome,Income,39811.27518
Rhode Island,2012,Expenditure,Income Tax,9665.426446
Rhode Island,2012,Expenditure,Other,1573.000359
Rhode Island,2012,HP,Housing Prices,280179.7684
Rhode Island,2013,TotalIncome,Income,44487.57428
Rhode Island,2013,Expenditure,Income Tax,11824.23161
Rhode Island,2013,Expenditure,Other,1666.827756
Rhode Island,2013,HP,Housing Prices,284882.5827
Rhode Island,2014,TotalIncome,Income,45224.09483
Rhode Island,2014,Expenditure,Income Tax,12883.47604
Rhode Island,2014,Expenditure,Other,2138.063978
Rhode Island,2014,HP,Housing Prices,306645.3211
Rhode Island,2015,TotalIncome,Income,47334.57989
Rhode Island,2015,Expenditure,Income Tax,13731.32045
Rhode Island,2015,Expenditure,Other,2002.533155
Rhode Island,2015,HP,Housing Prices,279762.6003
Rhode Island,2016,TotalIncome,Income,45227.00567
Rhode Island,2016,Expenditure,Income Tax,13090.38963
Rhode Island,2016,Expenditure,Other,1706.667486
Rhode Island,2016,HP,Housing Prices,272758.2082
Rhode Island,2017,TotalIncome,Income,45875.06091
Rhode Island,2017,Expenditure,Income Tax,12013.20266
Rhode Island,2017,Expenditure,Other,1976.117925
Rhode Island,2017,HP,Housing Prices,285688.0741
Rhode Island,2018,TotalIncome,Income,49761.73933
Rhode Island,2018,Expenditure,Income Tax,13810.41272
Rhode Island,2018,Expenditure,Other,1979.713057
Rhode Island,2018,HP,Housing Prices,321019.046
Rhode Island,2019,TotalIncome,Income,53355.46703
Rhode Island,2019,Expenditure,Income Tax,18488.10571
Rhode Island,2019,Expenditure,Other,3336.624603
Rhode Island,2019,HP,Housing Prices,358309.671
Rhode Island,2020,TotalIncome,Income,56188.92553
Rhode Island,2020,Expenditure,Income Tax,18612.22643
Rhode Island,2020,Expenditure,Other,2977.167736
Rhode Island,2020,HP,Housing Prices,329248.863
Rhode Island,2021,TotalIncome,Income,57194.05026
Rhode Island,2021,Expenditure,Income Tax,14702.39503
Rhode Island,2021,Expenditure,Other,3418.875113
Rhode Island,2021,HP,Housing Prices,377363.6515
South Carolina,2012,TotalIncome,Income,30499.23168
South Carolina,2012,Expenditure,Income Tax,5751.47756
South Carolina,2012,Expenditure,Other,1495.569136
South Carolina,2012,HP,Housing Prices,144690.6059
South Carolina,2013,TotalIncome,Income,33545.5308
South Carolina,2013,Expenditure,Income Tax,6925.832979
South Carolina,2013,Expenditure,Other,1518.796368
South Carolina,2013,HP,Housing Prices,167731.0308
South Carolina,2014,TotalIncome,Income,33968.37291
South Carolina,2014,Expenditure,Income Tax,7425.940351
South Carolina,2014,Expenditure,Other,1677.665693
South Carolina,2014,HP,Housing Prices,161507.8284
South Carolina,2015,TotalIncome,Income,39072.41069
South Carolina,2015,Expenditure,Income Tax,10020.78857
South Carolina,2015,Expenditure,Other,1686.3603
South Carolina,2015,HP,Housing Prices,167198.442
South Carolina,2016,TotalIncome,Income,39412.08273
South Carolina,2016,Expenditure,Income Tax,10449.74258
South Carolina,2016,Expenditure,Other,1921.930718
South Carolina,2016,HP,Housing Prices,183870.9439
South Carolina,2017,TotalIncome,Income,45764.65855
South Carolina,2017,Expenditure,Income Tax,13503.3109
South Carolina,2017,Expenditure,Other,1954.839531
South Carolina,2017,HP,Housing Prices,202233.099
South Carolina,2018,TotalIncome,Income,45146.43118
South Carolina,2018,Expenditure,Income Tax,13026.03495
South Carolina,2018,Expenditure,Other,1971.464651
South Carolina,2018,HP,Housing Prices,188753.8874
South Carolina,2019,TotalIncome,Income,46045.27173
South Carolina,2019,Expenditure,Income Tax,12985.53573
South Carolina,2019,Expenditure,Other,3548.029869
South Carolina,2019,HP,Housing Prices,213171.4647
South Carolina,2020,TotalIncome,Income,48441.76504
South Carolina,2020,Expenditure,Income Tax,14708.80915
South Carolina,2020,Expenditure,Other,3047.199727
South Carolina,2020,HP,Housing Prices,198933.7779
South Carolina,2021,TotalIncome,Income,47875.37737
South Carolina,2021,Expenditure,Income Tax,7818.684038
South Carolina,2021,Expenditure,Other,2779.843776
South Carolina,2021,HP,Housing Prices,241209.2755
South Dakota,2012,TotalIncome,Income,34625.28706
South Dakota,2012,Expenditure,Income Tax,4924.716814
South Dakota,2012,Expenditure,Other,1990.836364
South Dakota,2012,HP,Housing Prices,164235.6433
South Dakota,2013,TotalIncome,Income,37166.55701
South Dakota,2013,Expenditure,Income Tax,5933.544373
South Dakota,2013,Expenditure,Other,1776.511591
South Dakota,2013,HP,Housing Prices,152735.477
South Dakota,2014,TotalIncome,Income,41485.90112
South Dakota,2014,Expenditure,Income Tax,9256.211144
South Dakota,2014,Expenditure,Other,2090.596535
South Dakota,2014,HP,Housing Prices,166412.7463
South Dakota,2015,TotalIncome,Income,43664.47692
South Dakota,2015,Expenditure,Income Tax,10520.74213
South Dakota,2015,Expenditure,Other,2528.920387
South Dakota,2015,HP,Housing Prices,180728.6341
South Dakota,2016,TotalIncome,Income,44277.3013
South Dakota,2016,Expenditure,Income Tax,10240.84848
South Dakota,2016,Expenditure,Other,2094.308365
South Dakota,2016,HP,Housing Prices,202725.5083
South Dakota,2017,TotalIncome,Income,43632.49558
South Dakota,2017,Expenditure,Income Tax,9328.341606
South Dakota,2017,Expenditure,Other,2362.947012
South Dakota,2017,HP,Housing Prices,185302.5525
South Dakota,2018,TotalIncome,Income,44903.87416
South Dakota,2018,Expenditure,Income Tax,9643.457718
South Dakota,2018,Expenditure,Other,2476.808859
South Dakota,2018,HP,Housing Prices,181214.091
South Dakota,2019,TotalIncome,Income,48552.37418
South Dakota,2019,Expenditure,Income Tax,8908.349589
South Dakota,2019,Expenditure,Other,3817.154603
South Dakota,2019,HP,Housing Prices,196983.8157
South Dakota,2020,TotalIncome,Income,48989.90456
South Dakota,2020,Expenditure,Income Tax,8581.152941
South Dakota,2020,Expenditure,Other,4532.222739
South Dakota,2020,HP,Housing Prices,215004.0719
South Dakota,2021,TotalIncome,Income,52503.97229
South Dakota,2021,Expenditure,Income Tax,5130.266329
South Dakota,2021,Expenditure,Other,3757.114919
South Dakota,2021,HP,Housing Prices,222180.1634
Tennessee,2012,TotalIncome,Income,34669.92504
Tennessee,2012,Expenditure,Income Tax,5125.703043
Tennessee,2012,Expenditure,Other,1605.760017
Tennessee,2012,HP,Housing Prices,191212.3624
Tennessee,2013,TotalIncome,Income,34395.13785
Tennessee,2013,Expenditure,Income Tax,5402.135193
Tennessee,2013,Expenditure,Other,1681.125214
Tennessee,2013,HP,Housing Prices,179602.5289
Tennessee,2014,TotalIncome,Income,36370.1124
Tennessee,2014,Expenditure,Income Tax,8261.83871
Tennessee,2014,Expenditure,Other,1917.199011
Tennessee,2014,HP,Housing Prices,192052.3958
Tennessee,2015,TotalIncome,Income,39413.40354
Tennessee,2015,Expenditure,Income Tax,8406.979372
Tennessee,2015,Expenditure,Other,1994.655095
Tennessee,2015,HP,Housing Prices,195105.5443
Tennessee,2016,TotalIncome,Income,41755.59298
Tennessee,2016,Expenditure,Income Tax,9668.689337
Tennessee,2016,Expenditure,Other,2067.760436
Tennessee,2016,HP,Housing Prices,190500.1576
Tennessee,2017,TotalIncome,Income,42919.12784
Tennessee,2017,Expenditure,Income Tax,8954.497115
Tennessee,2017,Expenditure,Other,1883.222576
Tennessee,2017,HP,Housing Prices,204230.8869
Tennessee,2018,TotalIncome,Income,45972.51078
Tennessee,2018,Expenditure,Income Tax,10379.41085
Tennessee,2018,Expenditure,Other,1882.654915
Tennessee,2018,HP,Housing Prices,196643.9369
Tennessee,2019,TotalIncome,Income,44940.50104
Tennessee,2019,Expenditure,Income Tax,8430.603275
Tennessee,2019,Expenditure,Other,2904.693293
Tennessee,2019,HP,Housing Prices,223853.547
Tennessee,2020,TotalIncome,Income,48546.80285
Tennessee,2020,Expenditure,Income Tax,11423.86105
Tennessee,2020,Expenditure,Other,3276.590421
Tennessee,2020,HP,Housing Prices,260853.1028
Tennessee,2021,TotalIncome,Income,46858.43211
Tennessee,2021,Expenditure,Income Tax,3471.487455
Tennessee,2021,Expenditure,Other,2859.097378
Tennessee,2021,HP,Housing Prices,265060.8139
Texas,2012,TotalIncome,Income,39308.87792
Texas,2012,Expenditure,Income Tax,6610.818626
Texas,2012,Expenditure,Other,1565.04011
Texas,2012,HP,Housing Prices,158308.9914
Texas,2013,TotalIncome,Income,38837.98218
Texas,2013,Expenditure,Income Tax,5752.213322
Texas,2013,Expenditure,Other,1529.441837
Texas,2013,HP,Housing Prices,150921.6216
Texas,2014,TotalIncome,Income,40990.07454
Texas,2014,Expenditure,Income Tax,8574.542597
Texas,2014,Expenditure,Other,1861.666166
Texas,2014,HP,Housing Prices,168981.2055
Texas,2015,TotalIncome,Income,41645.43636
Texas,2015,Expenditure,Income Tax,8449.615981
Texas,2015,Expenditure,Other,1791.136382
Texas,2015,HP,Housing Prices,174577.0259
Texas,2016,TotalIncome,Income,44649.88387
Texas,2016,Expenditure,Income Tax,9951.619682
Texas,2016,Expenditure,Other,1714.115045
Texas,2016,HP,Housing Prices,192712.4326
Texas,2017,TotalIncome,Income,45470.2916
Texas,2017,Expenditure,Income Tax,9029.025729
Texas,2017,Expenditure,Other,2090.198228
Texas,2017,HP,Housing Prices,203647.3965
Texas,2018,TotalIncome,Income,45637.89317
Texas,2018,Expenditure,Income Tax,8776.556772
Texas,2018,Expenditure,Other,2024.721004
Texas,2018,HP,Housing Prices,210274.2296
Texas,2019,TotalIncome,Income,47677.94078
Texas,2019,Expenditure,Income Tax,9367.305764
Texas,2019,Expenditure,Other,3136.004833
Texas,2019,HP,Housing Prices,227043.7396
Texas,2020,TotalIncome,Income,52636.3772
Texas,2020,Expenditure,Income Tax,12301.88517
Texas,2020,Expenditure,Other,3283.560294
Texas,2020,HP,Housing Prices,229449.9455
Texas,2021,TotalIncome,Income,52827.89811
Texas,2021,Expenditure,Income Tax,5789.145091
Texas,2021,Expenditure,Other,3188.042945
Texas,2021,HP,Housing Prices,263684.8512
Utah,2012,TotalIncome,Income,38225.53008
Utah,2012,Expenditure,Income Tax,8261.05526
Utah,2012,Expenditure,Other,1552.125825
Utah,2012,HP,Housing Prices,244919.4489
Utah,2013,TotalIncome,Income,38971.21572
Utah,2013,Expenditure,Income Tax,7807.058
Utah,2013,Expenditure,Other,1504.3429
Utah,2013,HP,Housing Prices,262698.6181
Utah,2014,TotalIncome,Income,39566.07531
Utah,2014,Expenditure,Income Tax,8713.550523
Utah,2014,Expenditure,Other,1838.23488
Utah,2014,HP,Housing Prices,265091.0285
Utah,2015,TotalIncome,Income,40101.98256
Utah,2015,Expenditure,Income Tax,10011.01703
Utah,2015,Expenditure,Other,1765.191489
Utah,2015,HP,Housing Prices,247853.8713
Utah,2016,TotalIncome,Income,42362.67576
Utah,2016,Expenditure,Income Tax,11690.95019
Utah,2016,Expenditure,Other,1872.349119
Utah,2016,HP,Housing Prices,266392.1187
Utah,2017,TotalIncome,Income,49045.59194
Utah,2017,Expenditure,Income Tax,13652.38807
Utah,2017,Expenditure,Other,1967.512538
Utah,2017,HP,Housing Prices,296263.2152
Utah,2018,TotalIncome,Income,47746.80224
Utah,2018,Expenditure,Income Tax,12926.44434
Utah,2018,Expenditure,Other,2158.837563
Utah,2018,HP,Housing Prices,306738.0685
Utah,2019,TotalIncome,Income,48678.76904
Utah,2019,Expenditure,Income Tax,15567.63479
Utah,2019,Expenditure,Other,2751.181628
Utah,2019,HP,Housing Prices,333412.5869
Utah,2020,TotalIncome,Income,56304.29187
Utah,2020,Expenditure,Income Tax,18141.57804
Utah,2020,Expenditure,Other,3398.707163
Utah,2020,HP,Housing Prices,367720.6682
Utah,2021,TotalIncome,Income,55137.70955
Utah,2021,Expenditure,Income Tax,13899.21416
Utah,2021,Expenditure,Other,3225.928174
Utah,2021,HP,Housing Prices,439820.5969
Vermont,2012,TotalIncome,Income,37114.27436
Vermont,2012,Expenditure,Income Tax,8079.007346
Vermont,2012,Expenditure,Other,1665.354221
Vermont,2012,HP,Housing Prices,241772.0412
Vermont,2013,TotalIncome,Income,40283.57617
Vermont,2013,Expenditure,Income Tax,8886.168196
Vermont,2013,Expenditure,Other,1835.387958
Vermont,2013,HP,Housing Prices,238739.8733
Vermont,2014,TotalIncome,Income,42144.63712
Vermont,2014,Expenditure,Income Tax,10561.73574
Vermont,2014,Expenditure,Other,2220.026954
Vermont,2014,HP,Housing Prices,229368.4295
Vermont,2015,TotalIncome,Income,43462.87786
Vermont,2015,Expenditure,Income Tax,11238.71852
Vermont,2015,Expenditure,Other,1899.530643
Vermont,2015,HP,Housing Prices,257994.7935
Vermont,2016,TotalIncome,Income,45723.82597
Vermont,2016,Expenditure,Income Tax,13794.43947
Vermont,2016,Expenditure,Other,1782.082046
Vermont,2016,HP,Housing Prices,242129.066
Vermont,2017,TotalIncome,Income,47288.12773
Vermont,2017,Expenditure,Income Tax,13783.24414
Vermont,2017,Expenditure,Other,2052.107338
Vermont,2017,HP,Housing Prices,246103.6938
Vermont,2018,TotalIncome,Income,49910.11288
Vermont,2018,Expenditure,Income Tax,14858.12051
Vermont,2018,Expenditure,Other,2560.061625
Vermont,2018,HP,Housing Prices,255204.9832
Vermont,2019,TotalIncome,Income,48366.65905
Vermont,2019,Expenditure,Income Tax,14021.957
Vermont,2019,Expenditure,Other,3707.35468
Vermont,2019,HP,Housing Prices,281473.3645
Vermont,2020,TotalIncome,Income,54880.72921
Vermont,2020,Expenditure,Income Tax,17689.38333
Vermont,2020,Expenditure,Other,3921.598248
Vermont,2020,HP,Housing Prices,285353.4088
Vermont,2021,TotalIncome,Income,59123.32242
Vermont,2021,Expenditure,Income Tax,14851.83869
Vermont,2021,Expenditure,Other,4050.774331
Vermont,2021,HP,Housing Prices,305318.8889
Virginia,2012,TotalIncome,Income,45575.73595
Virginia,2012,Expenditure,Income Tax,12520.32328
Virginia,2012,Expenditure,Other,1707.613921
Virginia,2012,HP,Housing Prices,303284.4053
Virginia,2013,TotalIncome,Income,48744.00417
Virginia,2013,Expenditure,Income Tax,13755.4092
Virginia,2013,Expenditure,Other,1984.240428
Virginia,2013,HP,Housing Prices,329705.2646
Virginia,2014,TotalIncome,Income,47707.0941
Virginia,2014,Expenditure,Income Tax,13700.03651
Virginia,2014,Expenditure,Other,2051.240809
Virginia,2014,HP,Housing Prices,316462.7464
Virginia,2015,TotalIncome,Income,49351.29164
Virginia,2015,Expenditure,Income Tax,14306.13839
Virginia,2015,Expenditure,Other,2075.872947
Virginia,2015,HP,Housing Prices,344672.4815
Virginia,2016,TotalIncome,Income,49938.75885
Virginia,2016,Expenditure,Income Tax,15643.70437
Virginia,2016,Expenditure,Other,1971.060915
Virginia,2016,HP,Housing Prices,333765.8674
Virginia,2017,TotalIncome,Income,52110.66695
Virginia,2017,Expenditure,Income Tax,15566.46131
Virginia,2017,Expenditure,Other,2357.699338
Virginia,2017,HP,Housing Prices,327650.0265
Virginia,2018,TotalIncome,Income,53695.02162
Virginia,2018,Expenditure,Income Tax,15186.35503
Virginia,2018,Expenditure,Other,2107.424643
Virginia,2018,HP,Housing Prices,353693.4042
Virginia,2019,TotalIncome,Income,58626.19259
Virginia,2019,Expenditure,Income Tax,20462.16955
Virginia,2019,Expenditure,Other,3028.367232
Virginia,2019,HP,Housing Prices,364110.6827
Virginia,2020,TotalIncome,Income,64562.5389
Virginia,2020,Expenditure,Income Tax,26591.74144
Virginia,2020,Expenditure,Other,3471.8692
Virginia,2020,HP,Housing Prices,384673.6291
Virginia,2021,TotalIncome,Income,63371.68096
Virginia,2021,Expenditure,Income Tax,18266.41119
Virginia,2021,Expenditure,Other,3777.644026
Virginia,2021,HP,Housing Prices,414517.0521
Washington,2012,TotalIncome,Income,42092.58318
Washington,2012,Expenditure,Income Tax,7836.272082
Washington,2012,Expenditure,Other,1771.936997
Washington,2012,HP,Housing Prices,293454.0137
Washington,2013,TotalIncome,Income,43752.52743
Washington,2013,Expenditure,Income Tax,8219.920863
Washington,2013,Expenditure,Other,1684.053308
Washington,2013,HP,Housing Prices,299060.5899
Washington,2014,TotalIncome,Income,46648.36788
Washington,2014,Expenditure,Income Tax,10648.18584
Washington,2014,Expenditure,Other,1755.540568
Washington,2014,HP,Housing Prices,301862.6156
Washington,2015,TotalIncome,Income,44624.11557
Washington,2015,Expenditure,Income Tax,9997.617265
Washington,2015,Expenditure,Other,2024.94199
Washington,2015,HP,Housing Prices,343363.283
Washington,2016,TotalIncome,Income,47523.80257
Washington,2016,Expenditure,Income Tax,11325.9548
Washington,2016,Expenditure,Other,1944.184376
Washington,2016,HP,Housing Prices,389170.7404
Washington,2017,TotalIncome,Income,50574.13253
Washington,2017,Expenditure,Income Tax,11398.52941
Washington,2017,Expenditure,Other,1836.504034
Washington,2017,HP,Housing Prices,411770.9616
Washington,2018,TotalIncome,Income,54516.97292
Washington,2018,Expenditure,Income Tax,13292.2168
Washington,2018,Expenditure,Other,1791.435843
Washington,2018,HP,Housing Prices,403151.5667
Washington,2019,TotalIncome,Income,57075.29077
Washington,2019,Expenditure,Income Tax,14268.38922
Washington,2019,Expenditure,Other,3085.056091
Washington,2019,HP,Housing Prices,448017.6862
Washington,2020,TotalIncome,Income,60353.39299
Washington,2020,Expenditure,Income Tax,15364.6525
Washington,2020,Expenditure,Other,3063.542681
Washington,2020,HP,Housing Prices,442175.727
Washington,2021,TotalIncome,Income,59370.21454
Washington,2021,Expenditure,Income Tax,9360.265113
Washington,2021,Expenditure,Other,3201.1586
Washington,2021,HP,Housing Prices,534180.6247
West Virginia,2012,TotalIncome,Income,34136.74886
West Virginia,2012,Expenditure,Income Tax,7857.289086
West Virginia,2012,Expenditure,Other,1800.921279
West Virginia,2012,HP,Housing Prices,134301.3333
West Virginia,2013,TotalIncome,Income,35408.35247
West Virginia,2013,Expenditure,Income Tax,8782.446372
West Virginia,2013,Expenditure,Other,1557.321576
West Virginia,2013,HP,Housing Prices,143785.241
West Virginia,2014,TotalIncome,Income,41293.8025
West Virginia,2014,Expenditure,Income Tax,15978.16763
West Virginia,2014,Expenditure,Other,1886.431683
West Virginia,2014,HP,Housing Prices,140140.7262
West Virginia,2015,TotalIncome,Income,34843.37355
West Virginia,2015,Expenditure,Income Tax,9559.308145
West Virginia,2015,Expenditure,Other,1626.624612
West Virginia,2015,HP,Housing Prices,150920.9086
West Virginia,2016,TotalIncome,Income,37012.61069
West Virginia,2016,Expenditure,Income Tax,10712.47333
West Virginia,2016,Expenditure,Other,1733.817769
West Virginia,2016,HP,Housing Prices,155371.5032
West Virginia,2017,TotalIncome,Income,37309.5249
West Virginia,2017,Expenditure,Income Tax,9832.993109
West Virginia,2017,Expenditure,Other,1495.982914
West Virginia,2017,HP,Housing Prices,156358.2506
West Virginia,2018,TotalIncome,Income,37846.10906
West Virginia,2018,Expenditure,Income Tax,9978.377148
West Virginia,2018,Expenditure,Other,1739.857667
West Virginia,2018,HP,Housing Prices,152569.4998
West Virginia,2019,TotalIncome,Income,39111.80901
West Virginia,2019,Expenditure,Income Tax,11240.47882
West Virginia,2019,Expenditure,Other,2618.597132
West Virginia,2019,HP,Housing Prices,184562.1052
West Virginia,2020,TotalIncome,Income,43068.80918
West Virginia,2020,Expenditure,Income Tax,12500.12739
West Virginia,2020,Expenditure,Other,2919.289474
West Virginia,2020,HP,Housing Prices,185833.358
West Virginia,2021,TotalIncome,Income,45040.83283
West Virginia,2021,Expenditure,Income Tax,6591.983955
West Virginia,2021,Expenditure,Other,2868.884539
West Virginia,2021,HP,Housing Prices,196134.0358
Wisconsin,2012,TotalIncome,Income,37339.57182
Wisconsin,2012,Expenditure,Income Tax,8911.96323
Wisconsin,2012,Expenditure,Other,1801.809524
Wisconsin,2012,HP,Housing Prices,196156.1601
Wisconsin,2013,TotalIncome,Income,39657.12389
Wisconsin,2013,Expenditure,Income Tax,9688.415898
Wisconsin,2013,Expenditure,Other,1962.946825
Wisconsin,2013,HP,Housing Prices,211070.8426
Wisconsin,2014,TotalIncome,Income,39701.02736
Wisconsin,2014,Expenditure,Income Tax,10823.73227
Wisconsin,2014,Expenditure,Other,2018.118483
Wisconsin,2014,HP,Housing Prices,207018.0217
Wisconsin,2015,TotalIncome,Income,42772.1683
Wisconsin,2015,Expenditure,Income Tax,12945.77448
Wisconsin,2015,Expenditure,Other,2114.118248
Wisconsin,2015,HP,Housing Prices,210658.3223
Wisconsin,2016,TotalIncome,Income,40389.35287
Wisconsin,2016,Expenditure,Income Tax,10697.90278
Wisconsin,2016,Expenditure,Other,2121.627747
Wisconsin,2016,HP,Housing Prices,197718.7813
Wisconsin,2017,TotalIncome,Income,43387.69623
Wisconsin,2017,Expenditure,Income Tax,11869.21399
Wisconsin,2017,Expenditure,Other,2138.198077
Wisconsin,2017,HP,Housing Prices,205831.0938
Wisconsin,2018,TotalIncome,Income,46436.45012
Wisconsin,2018,Expenditure,Income Tax,12541.75165
Wisconsin,2018,Expenditure,Other,1983.74668
Wisconsin,2018,HP,Housing Prices,226882.0218
Wisconsin,2019,TotalIncome,Income,45509.23659
Wisconsin,2019,Expenditure,Income Tax,13982.92386
Wisconsin,2019,Expenditure,Other,3762.851889
Wisconsin,2019,HP,Housing Prices,227455.4741
Wisconsin,2020,TotalIncome,Income,51556.41506
Wisconsin,2020,Expenditure,Income Tax,18196.86123
Wisconsin,2020,Expenditure,Other,3755.967826
Wisconsin,2020,HP,Housing Prices,241158.5194
Wisconsin,2021,TotalIncome,Income,52685.40774
Wisconsin,2021,Expenditure,Income Tax,11945.51584
Wisconsin,2021,Expenditure,Other,3580.904095
Wisconsin,2021,HP,Housing Prices,258757.7655
Wyoming,2012,TotalIncome,Income,38333.37841
Wyoming,2012,Expenditure,Income Tax,5747.674877
Wyoming,2012,Expenditure,Other,2171.445114
Wyoming,2012,HP,Housing Prices,209118.3616
Wyoming,2013,TotalIncome,Income,40735.93824
Wyoming,2013,Expenditure,Income Tax,6540.326019
Wyoming,2013,Expenditure,Other,2091.831505
Wyoming,2013,HP,Housing Prices,187650.5374
Wyoming,2014,TotalIncome,Income,43775.43605
Wyoming,2014,Expenditure,Income Tax,9919.896194
Wyoming,2014,Expenditure,Other,2254.448795
Wyoming,2014,HP,Housing Prices,188205.7706
Wyoming,2015,TotalIncome,Income,43624.82423
Wyoming,2015,Expenditure,Income Tax,9320.388889
Wyoming,2015,Expenditure,Other,2157.488595
Wyoming,2015,HP,Housing Prices,203735.9534
Wyoming,2016,TotalIncome,Income,44722.55562
Wyoming,2016,Expenditure,Income Tax,10644.7266
Wyoming,2016,Expenditure,Other,2211.401463
Wyoming,2016,HP,Housing Prices,231835.0228
Wyoming,2017,TotalIncome,Income,42022.12521
Wyoming,2017,Expenditure,Income Tax,7885.61001
Wyoming,2017,Expenditure,Other,2230.284247
Wyoming,2017,HP,Housing Prices,222031.3172
Wyoming,2018,TotalIncome,Income,43640.522
Wyoming,2018,Expenditure,Income Tax,7917.579741
Wyoming,2018,Expenditure,Other,2875.378417
Wyoming,2018,HP,Housing Prices,232737.5438
Wyoming,2019,TotalIncome,Income,47039.27195
Wyoming,2019,Expenditure,Income Tax,8415.334594
Wyoming,2019,Expenditure,Other,3477.75226
Wyoming,2019,HP,Housing Prices,298667.94
Wyoming,2020,TotalIncome,Income,49456.0133
Wyoming,2020,Expenditure,Income Tax,9336.361778
Wyoming,2020,Expenditure,Other,3518.315297
Wyoming,2020,HP,Housing Prices,281924.5384
Wyoming,2021,TotalIncome,Income,47409.08491
Wyoming,2021,Expenditure,Income Tax,2526.422212
Wyoming,2021,Expenditure,Other,3809.545795
Wyoming,2021,HP,Housing Prices,316281.78
All States,2012,TotalIncome,Income,39118.7445
All States,2012,Expenditure,Income Tax,8755.853692
All States,2012,Expenditure,Other,1685.522339
All States,2012,HP,Housing Prices,232996.2841
All States,2013,TotalIncome,Income,40218.58293
All States,2013,Expenditure,Income Tax,9051.474592
All States,2013,Expenditure,Other,1693.949593
All States,2013,HP,Housing Prices,230664.0219
All States,2014,TotalIncome,Income,42377.80682
All States,2014,Expenditure,Income Tax,11280.3019
All States,2014,Expenditure,Other,1905.283716
All States,2014,HP,Housing Prices,240859.9011
All States,2015,TotalIncome,Income,42745.09656
All States,2015,Expenditure,Income Tax,11003.27818
All States,2015,Expenditure,Other,1887.605754
All States,2015,HP,Housing Prices,247885.9896
All States,2016,TotalIncome,Income,44156.14004
All States,2016,Expenditure,Income Tax,11937.68285
All States,2016,Expenditure,Other,1920.821223
All States,2016,HP,Housing Prices,253692.6778
All States,2017,TotalIncome,Income,46067.65174
All States,2017,Expenditure,Income Tax,11898.30396
All States,2017,Expenditure,Other,2012.953994
All States,2017,HP,Housing Prices,258253.2038
All States,2018,TotalIncome,Income,47609.49114
All States,2018,Expenditure,Income Tax,12251.62719
All States,2018,Expenditure,Other,2067.669622
All States,2018,HP,Housing Prices,267934.4297
All States,2019,TotalIncome,Income,49762.71268
All States,2019,Expenditure,Income Tax,14955.54382
All States,2019,Expenditure,Other,3228.304897
All States,2019,HP,Housing Prices,294705.7976
All States,2020,TotalIncome,Income,53656.46983
All States,2020,Expenditure,Income Tax,17233.62418
All States,2020,Expenditure,Other,3404.096451
All States,2020,HP,Housing Prices,310539.2294
All States,2021,TotalIncome,Income,53827.00284
All States,2021,Expenditure,Income Tax,11213.07777
All States,2021,Expenditure,Other,3322.67737
All States,2021,HP,Housing Prices,334674.392